model,energy_gev,layer,relative_residual,pull
front_face_ams,10.0,0,-0.8470130130648102,-51.10640644830832
front_face_ams,10.0,1,-0.4699014199094934,-28.349196758916896
front_face_ams,10.0,2,-0.2167478670491896,-15.109522822718782
front_face_ams,10.0,3,-0.06167664555915461,-5.156754457948522
front_face_ams,10.0,4,0.018599136516076697,1.952685244062536
front_face_ams,10.0,5,0.07370700529763527,9.532768972825178
front_face_ams,10.0,6,0.10269976042068497,17.334025620487537
front_face_ams,10.0,7,0.12110581418091426,22.371310470360815
front_face_ams,10.0,8,0.11966161388758102,23.432329861436408
front_face_ams,10.0,9,0.10603909918429591,19.53534066895173
front_face_ams,10.0,10,0.08713560003057254,14.195204980832193
front_face_ams,10.0,11,0.06020840836417406,8.366099584508182
front_face_ams,10.0,12,0.02352221470535974,2.814050061576547
front_face_ams,10.0,13,-0.014974190257618905,-1.5425479386362724
front_face_ams,10.0,14,-0.06681001049755703,-5.922127503543981
front_face_ams,10.0,15,-0.12694903158980173,-10.029465461454201
front_face_ams,10.0,16,-0.17345056741133816,-12.14086124639478
front_face_ams,10.0,17,-0.19995822925292966,-12.890625310746284
front_face_ams,20.0,0,-0.8977829422005393,-55.46969544744519
front_face_ams,20.0,1,-0.5548604289719384,-31.787643622551222
front_face_ams,20.0,2,-0.2812045484462154,-18.95425504780811
front_face_ams,20.0,3,-0.09493136998849273,-7.505165158323026
front_face_ams,20.0,4,0.00781393577564088,0.7284707302332034
front_face_ams,20.0,5,0.073557251561729,8.221040080601423
front_face_ams,20.0,6,0.10199644843396126,14.101229477232746
front_face_ams,20.0,7,0.12423757131200515,20.8984442709213
front_face_ams,20.0,8,0.12991633651829437,27.22121493001673
front_face_ams,20.0,9,0.12229354779659465,27.013886727960394
front_face_ams,20.0,10,0.10085671410049643,20.35376698014083
front_face_ams,20.0,11,0.0773950616301826,13.266681112550119
front_face_ams,20.0,12,0.03624644017457168,5.053042422583354
front_face_ams,20.0,13,-0.010243629408271079,-1.219011885997356
front_face_ams,20.0,14,-0.05908725093069559,-6.017092936131708
front_face_ams,20.0,15,-0.10367490528076187,-9.269152172909948
front_face_ams,20.0,16,-0.15335999216466487,-12.08925706094094
front_face_ams,20.0,17,-0.17562401331126795,-12.635780796642868
front_face_ams,50.0,0,-0.9503652157286993,-67.27280104871295
front_face_ams,50.0,1,-0.6715226621097296,-42.808902280834275
front_face_ams,50.0,2,-0.37555809087482395,-26.4964144696415
front_face_ams,50.0,3,-0.17392023714057403,-14.077753573357056
front_face_ams,50.0,4,-0.053103691868772236,-4.916319285435138
front_face_ams,50.0,5,0.035077425540286006,3.88907795240013
front_face_ams,50.0,6,0.08473348581892019,11.33129932299469
front_face_ams,50.0,7,0.11415782072743696,18.734471269707374
front_face_ams,50.0,8,0.12374409091652283,25.648222043860713
front_face_ams,50.0,9,0.12425869629349695,31.043711898779556
front_face_ams,50.0,10,0.11131570836999496,31.292476735808023
front_face_ams,50.0,11,0.09219336598160491,24.00373689897283
front_face_ams,50.0,12,0.061178229365798927,12.879712709319225
front_face_ams,50.0,13,0.025988666907824247,4.458160013031638
front_face_ams,50.0,14,-0.013827578041921827,-1.9303599462903935
front_face_ams,50.0,15,-0.05704849441285765,-6.822710986180191
front_face_ams,50.0,16,-0.09579948869259172,-10.094671196186642
front_face_ams,50.0,17,-0.10138182886108486,-9.515624834999757
front_face_ams,100.0,0,-0.9727502663468364,-71.14172423040227
front_face_ams,100.0,1,-0.7462450413826255,-44.784156225563784
front_face_ams,100.0,2,-0.4520032670403334,-29.924062281026472
front_face_ams,100.0,3,-0.2232082972838224,-16.958401420952043
front_face_ams,100.0,4,-0.07875069562149135,-6.779205240496322
front_face_ams,100.0,5,0.02528022467636254,2.542986523187871
front_face_ams,100.0,6,0.08211851771448939,9.733761281848999
front_face_ams,100.0,7,0.11947391513149636,16.966157760439682
front_face_ams,100.0,8,0.13008766844884273,22.856939581350318
front_face_ams,100.0,9,0.1332473110659962,29.57127062106114
front_face_ams,100.0,10,0.12102716075018746,33.081483186503235
front_face_ams,100.0,11,0.10540037928661761,30.88020432819316
front_face_ams,100.0,12,0.08079482518647192,20.74884391776951
front_face_ams,100.0,13,0.04975410173664366,10.501067124553236
front_face_ams,100.0,14,0.011429462842728656,1.9850022945345103
front_face_ams,100.0,15,-0.025434205141720276,-3.7252091728736354
front_face_ams,100.0,16,-0.07281333716437474,-8.986381932682283
front_face_ams,100.0,17,-0.08012775773970189,-8.586066431335203
front_face_free_beta,10.0,0,-0.5968002762293549,-36.00926669954989
front_face_free_beta,10.0,1,-0.14476030831483175,-8.733402985011343
front_face_free_beta,10.0,2,-0.046473382625748086,-3.239665723092562
front_face_free_beta,10.0,3,-0.03375451818761211,-2.822198914383681
front_face_free_beta,10.0,4,-0.05059242679100482,-5.311595254474116
front_face_free_beta,10.0,5,-0.05289376023062454,-6.8409236591074585
front_face_free_beta,10.0,6,-0.05008273690517779,-8.453139920700687
front_face_free_beta,10.0,7,-0.03465205492294803,-6.401111989216413
front_face_free_beta,10.0,8,-0.019067285210520993,-3.7337864842334842
front_face_free_beta,10.0,9,-0.0003268571956519317,-0.06021615344035604
front_face_free_beta,10.0,10,0.024913161718431068,4.058587273051076
front_face_free_beta,10.0,11,0.05184686590859289,7.204243645045918
front_face_free_beta,10.0,12,0.07629343766916674,9.127267804501646
front_face_free_beta,10.0,13,0.10431290325702157,10.745666451674293
front_face_free_beta,10.0,14,0.12073533453926757,10.702139394974727
front_face_free_beta,10.0,15,0.12762128761025285,10.082576292265067
front_face_free_beta,10.0,16,0.15180084117963996,10.625465095639383
front_face_free_beta,10.0,17,0.2059942621259996,13.279747771076096
front_face_free_beta,20.0,0,-0.6645484631025047,-41.05925733898574
front_face_free_beta,20.0,1,-0.16151844939523272,-9.253301622816561
front_face_free_beta,20.0,2,-0.02213921761982394,-1.4922673891433562
front_face_free_beta,20.0,3,0.0077231293516498165,0.6105817426868508
front_face_free_beta,20.0,4,-0.010400041173862166,-0.9695658891894818
front_face_free_beta,20.0,5,-0.023393332580721262,-2.614528420811868
front_face_free_beta,20.0,6,-0.03832586612373796,-5.298633838946311
front_face_free_beta,20.0,7,-0.0341810184293876,-5.749710826010525
front_face_free_beta,20.0,8,-0.025233408876875557,-5.2871260448272945
front_face_free_beta,20.0,9,-0.012438272416296197,-2.747537283849214
front_face_free_beta,20.0,10,0.0005257647204396285,0.10610391882828958
front_face_free_beta,20.0,11,0.02170572319900547,3.720688399661236
front_face_free_beta,20.0,12,0.03392061315703992,4.728803613735488
front_face_free_beta,20.0,13,0.04620591648459213,5.498594214335758
front_face_free_beta,20.0,14,0.059713662850614614,6.080882986930896
front_face_free_beta,20.0,15,0.0807569209229212,7.2201482800786705
front_face_free_beta,20.0,16,0.09727920583537196,7.668449309551825
front_face_free_beta,20.0,17,0.1522554022188078,10.954458056551616
front_face_free_beta,50.0,0,-0.7787058428889824,-55.1216757275504
front_face_free_beta,50.0,1,-0.22922005488947633,-14.61255067661087
front_face_free_beta,50.0,2,-0.00037745315801969773,-0.026630115448899892
front_face_free_beta,50.0,3,0.03658557280548651,2.961372907279676
front_face_free_beta,50.0,4,0.012598190480178479,1.1663356094401578
front_face_free_beta,50.0,5,-0.0030255715691176696,-0.3354488963094028
front_face_free_beta,50.0,6,-0.02131226589243088,-2.850061716975429
front_face_free_beta,50.0,7,-0.03047911333891817,-5.001935649572883
front_face_free_beta,50.0,8,-0.0354115387502137,-7.339687916031121
front_face_free_beta,50.0,9,-0.03096827106660428,-7.736843485982132
front_face_free_beta,50.0,10,-0.024237013312820393,-6.813379588045071
front_face_free_beta,50.0,11,-0.011561539684808287,-3.0101965991408126
front_face_free_beta,50.0,12,-0.00042967834598916133,-0.09045919947545371
front_face_free_beta,50.0,13,0.014098606475071536,2.4185097238562028
front_face_free_beta,50.0,14,0.029868039440498758,4.169643218455284
front_face_free_beta,50.0,15,0.04647930652720304,5.558689647061276
front_face_free_beta,50.0,16,0.07167211033701025,7.55229905360526
front_face_free_beta,50.0,17,0.14223523429986823,13.35009580237861
front_face_free_beta,100.0,0,-0.8449849362615499,-61.79765495220081
front_face_free_beta,100.0,1,-0.28944974527788236,-17.370651586451043
front_face_free_beta,100.0,2,0.0031370785475168935,0.20768463566877485
front_face_free_beta,100.0,3,0.07905988830876516,6.006628510457464
front_face_free_beta,100.0,4,0.0628209013624507,5.407898690520331
front_face_free_beta,100.0,5,0.04290268735127936,4.315664007719738
front_face_free_beta,100.0,6,0.01258304930427456,1.4915076591054157
front_face_free_beta,100.0,7,-0.005362427824158333,-0.7615034323057602
front_face_free_beta,100.0,8,-0.023055162419637985,-4.050887072905885
front_face_free_beta,100.0,9,-0.028134205413793877,-6.243759782797851
front_face_free_beta,100.0,10,-0.031200643829889355,-8.52836312005247
front_face_free_beta,100.0,11,-0.0248418318950165,-7.278160192561419
front_face_free_beta,100.0,12,-0.01621506436410341,-4.164175599499922
front_face_free_beta,100.0,13,-0.005127552670948647,-1.0822178052238367
front_face_free_beta,100.0,14,0.005684782906030565,0.9872998641909256
front_face_free_beta,100.0,15,0.023336800142367567,3.418013713086946
front_face_free_beta,100.0,16,0.033917054615876484,4.185931021426051
front_face_free_beta,100.0,17,0.09458209964583118,10.134917208246014
front_face_free_beta_offset,10.0,0,-0.51166524615044,-30.87245606843735
front_face_free_beta_offset,10.0,1,-0.014489862617947727,-0.8741747714765223
front_face_free_beta_offset,10.0,2,0.0611433725913467,4.262312687106118
front_face_free_beta_offset,10.0,3,0.04704724670168252,3.9335975062135113
front_face_free_beta_offset,10.0,4,0.006669525317328009,0.7002198011069323
front_face_free_beta_offset,10.0,5,-0.014146576203448868,-1.8296231431379417
front_face_free_beta_offset,10.0,6,-0.0269790040774419,-4.55361089429985
front_face_free_beta_offset,10.0,7,-0.025113200909942922,-4.639044114113395
front_face_free_beta_offset,10.0,8,-0.021859706189075963,-4.280602855463172
front_face_free_beta_offset,10.0,9,-0.014488377691911502,-2.6691606787418705
front_face_free_beta_offset,10.0,10,8.494219351451115e-06,0.0013837878525389644
front_face_free_beta_offset,10.0,11,0.016699821534075746,2.320479378105023
front_face_free_beta_offset,10.0,12,0.031472640891122165,3.7651891264073214
front_face_free_beta_offset,10.0,13,0.05010022495214988,5.161013543675996
front_face_free_beta_offset,10.0,14,0.058147954774219225,5.15431145241067
front_face_free_beta_offset,10.0,15,0.05773753011047142,4.561488629104001
front_face_free_beta_offset,10.0,16,0.0740075511159322,5.180239088830259
front_face_free_beta_offset,10.0,17,0.11844587608717776,7.635801806944245
front_face_free_beta_offset,20.0,0,-0.5900184223402599,-36.45440412955158
front_face_free_beta_offset,20.0,1,-0.025747546808283638,-1.4750625551242345
front_face_free_beta_offset,20.0,2,0.0969222328919477,6.532926768744652
front_face_free_beta_offset,20.0,3,0.10060853818177304,7.953995559983844
front_face_free_beta_offset,20.0,4,0.05760742043503802,5.370573912571148
front_face_free_beta_offset,20.0,5,0.024735707603599427,2.7645573932377676
front_face_free_beta_offset,20.0,6,-0.006881533554450798,-0.9513868894113133
front_face_free_beta_offset,20.0,7,-0.01653516974093547,-2.781439782602805
front_face_free_beta_offset,20.0,8,-0.01982926069503491,-4.154801326366439
front_face_free_beta_offset,20.0,9,-0.018163812571388126,-4.012273616981819
front_face_free_beta_offset,20.0,10,-0.015466714334291793,-3.1213182217586204
front_face_free_beta_offset,20.0,11,-0.0040286983413025225,-0.6905796709369978
front_face_free_beta_offset,20.0,12,-0.0007593105832152217,-0.1058539423574818
front_face_free_beta_offset,20.0,13,0.0031509020610549043,0.37496349301138737
front_face_free_beta_offset,20.0,14,0.008733383122953542,0.8893556066653346
front_face_free_beta_offset,20.0,15,0.021882353659791447,1.9564123586585769
front_face_free_beta_offset,20.0,16,0.031095919445218674,2.45126879842249
front_face_free_beta_offset,20.0,17,0.07657615125755743,5.509494079412335
front_face_free_beta_offset,50.0,0,-0.7265933159031065,-51.43282474474328
front_face_free_beta_offset,50.0,1,-0.09540862775545883,-6.0822051924504255
front_face_free_beta_offset,50.0,2,0.13227198097136852,9.332066904414171
front_face_free_beta_offset,50.0,3,0.14305618333314626,11.579501783229773
front_face_free_beta_offset,50.0,4,0.0926631534220264,8.578718958819465
front_face_free_beta_offset,50.0,5,0.056344063816921225,6.2469366826066
front_face_free_beta_offset,50.0,6,0.02071468224588327,2.7701476298336765
front_face_free_beta_offset,50.0,7,-0.0028356700580070156,-0.4653625909603032
front_face_free_beta_offset,50.0,8,-0.02018718169279475,-4.184161964112224
front_face_free_beta_offset,50.0,9,-0.026680019359996598,-6.665503978162544
front_face_free_beta_offset,50.0,10,-0.02989521235793459,-8.403982249416924
front_face_free_beta_offset,50.0,11,-0.026453482085935003,-6.887506680026967
front_face_free_beta_offset,50.0,12,-0.02393279743284451,-5.038517107487466
front_face_free_beta_offset,50.0,13,-0.017589408408385684,-3.017330496299492
front_face_free_beta_offset,50.0,14,-0.009632838688142822,-1.3447652160264356
front_face_free_beta_offset,50.0,15,-0.0005153178696603692,-0.06162940717177566
front_face_free_beta_offset,50.0,16,0.01705709895822349,1.7973562061130204
front_face_free_beta_offset,50.0,17,0.07761913573627853,7.285275714402275
front_face_free_beta_offset,100.0,0,-0.8070399580508565,-59.02256326712563
front_face_free_beta_offset,100.0,1,-0.16028519977888134,-9.619142546318905
front_face_free_beta_offset,100.0,2,0.1440054585279797,9.53362204219315
front_face_free_beta_offset,100.0,3,0.197943021153986,15.038854971134572
front_face_free_beta_offset,100.0,4,0.1546322601669754,13.311423095387486
front_face_free_beta_offset,100.0,5,0.11256160289097822,11.322788576630986
front_face_free_beta_offset,100.0,6,0.0633662339015534,7.510995221223996
front_face_free_beta_offset,100.0,7,0.03015328167304933,4.281983504908702
front_face_free_beta_offset,100.0,8,-0.0006164748412010424,-0.10831717077238545
front_face_free_beta_offset,100.0,9,-0.016862516745464833,-3.742259727742955
front_face_free_beta_offset,100.0,10,-0.02988880950768942,-8.169787203668612
front_face_free_beta_offset,100.0,11,-0.03258847617781575,-9.547772123085497
front_face_free_beta_offset,100.0,12,-0.03238313384119727,-8.31628248577169
front_face_free_beta_offset,100.0,13,-0.02922956123640931,-6.169171462273883
front_face_free_beta_offset,100.0,14,-0.025899768242134507,-4.498120348784057
front_face_free_beta_offset,100.0,15,-0.015595878752039669,-2.2842432174467264
front_face_free_beta_offset,100.0,16,-0.011783491748733433,-1.4542796893882508
front_face_free_beta_offset,100.0,17,0.039935317279790036,4.279257236107973
ams_beta_free_origin,10.0,0,0.29011507801430153,17.50473589553586
ams_beta_free_origin,10.0,1,0.18264771950504904,11.019154057490196
ams_beta_free_origin,10.0,2,0.06717405707226005,4.6827125094503765
ams_beta_free_origin,10.0,3,0.02380134182856873,1.9900186604978323
ams_beta_free_origin,10.0,4,-0.0007607108083346589,-0.07986546951521108
ams_beta_free_origin,10.0,5,0.0033792011558837,0.43704317929705117
ams_beta_free_origin,10.0,6,0.013102789163143547,2.211534692227297
ams_beta_free_origin,10.0,7,0.031112792144967004,5.747320534380685
ams_beta_free_origin,10.0,8,0.04179654722483097,8.184667161195533
ams_beta_free_origin,10.0,9,0.04745717334706854,8.74292648327005
ams_beta_free_origin,10.0,10,0.051366462794030225,8.368077665681032
ams_beta_free_origin,10.0,11,0.048673985951877954,6.763364531832853
ams_beta_free_origin,10.0,12,0.03587822324061935,4.292245334216624
ams_beta_free_origin,10.0,13,0.01973163637606731,2.0326304457322286
ams_beta_free_origin,10.0,14,-0.012597541369193622,-1.1166626926703243
ams_beta_free_origin,10.0,15,-0.05685486677131929,-4.491754804723813
ams_beta_free_origin,10.0,16,-0.08951493521512977,-6.265695316807979
ams_beta_free_origin,10.0,17,-0.10259489688870653,-6.613943219681662
ams_beta_free_origin,20.0,0,0.2036363600153319,12.581712506577828
ams_beta_free_origin,20.0,1,0.20022974219237613,11.471049934556525
ams_beta_free_origin,20.0,2,0.10104770531611905,6.8109992855389505
ams_beta_free_origin,20.0,3,0.0646462568955503,5.1108588754939035
ams_beta_free_origin,20.0,4,0.03718955568832698,3.467075180446048
ams_beta_free_origin,20.0,5,0.03253594225943904,3.6363414849794142
ams_beta_free_origin,20.0,6,0.027494206636049935,3.8011335004514155
ams_beta_free_origin,20.0,7,0.03833205921260177,6.447972177695046
ams_beta_free_origin,20.0,8,0.047327877496612034,9.916553684034655
ams_beta_free_origin,20.0,9,0.0524049988828351,11.575939444936264
ams_beta_free_origin,20.0,10,0.04943796050779477,9.977012805973485
ams_beta_free_origin,20.0,11,0.047066392833906394,8.06788975540967
ams_beta_free_origin,20.0,12,0.028191852177091137,3.930168709973841
ams_beta_free_origin,20.0,13,0.0032229236142946906,0.3835341983686509
ams_beta_free_origin,20.0,14,-0.025778986976799496,-2.6251781559556386
ams_beta_free_origin,20.0,15,-0.05242309595077369,-4.686936076062648
ams_beta_free_origin,20.0,16,-0.08679073154476274,-6.84165048094925
ams_beta_free_origin,20.0,17,-0.09359394894446801,-6.733889064808228
ams_beta_free_origin,50.0,0,-0.0879420564456657,-6.225089438429978
ams_beta_free_origin,50.0,1,0.1445165377980578,9.212785649147063
ams_beta_free_origin,50.0,2,0.12546099029885474,8.85153716429485
ams_beta_free_origin,50.0,3,0.08242067706661457,6.671437436893617
ams_beta_free_origin,50.0,4,0.047432534119242246,4.391285691091864
ams_beta_free_origin,50.0,5,0.04352494355125475,4.825664818252934
ams_beta_free_origin,50.0,6,0.04070589888087872,5.443547140460005
ams_beta_free_origin,50.0,7,0.044007870784327226,7.2221437444786405
ams_beta_free_origin,50.0,8,0.045275957356998534,9.384268767419687
ams_beta_free_origin,50.0,9,0.04895009355868178,12.229265614253427
ams_beta_free_origin,50.0,10,0.047062127891538956,13.229853753332147
ams_beta_free_origin,50.0,11,0.04366038767850701,11.367547410636297
ams_beta_free_origin,50.0,12,0.031217850133164922,6.572222591040273
ams_beta_free_origin,50.0,13,0.01555757127163477,2.6687841430685575
ams_beta_free_origin,50.0,14,-0.004874400210979031,-0.6804768630440221
ams_beta_free_origin,50.0,15,-0.029700873320827093,-3.552074016864533
ams_beta_free_origin,50.0,16,-0.051287816951408445,-5.404346678258553
ams_beta_free_origin,50.0,17,-0.03895562234285483,-3.65634642413546
ams_beta_free_origin,100.0,0,-0.29689437366113963,-21.713258158109678
ams_beta_free_origin,100.0,1,0.07723847527898614,4.635287005873561
ams_beta_free_origin,100.0,2,0.12243363287696336,8.105498173701607
ams_beta_free_origin,100.0,3,0.11025015137349074,8.37632985181995
ams_beta_free_origin,100.0,4,0.08220950457582252,7.076954683901598
ams_beta_free_origin,100.0,5,0.07720525527238799,7.7662254268070585
ams_beta_free_origin,100.0,6,0.06695194404706599,7.936020508500526
ams_beta_free_origin,100.0,7,0.06657065446218506,9.453513133624583
ams_beta_free_origin,100.0,8,0.05986239933071385,10.518070321437637
ams_beta_free_origin,100.0,9,0.058978780985941,13.089025808346184
ams_beta_free_origin,100.0,10,0.05220720520768826,14.270282559609564
ams_beta_free_origin,100.0,11,0.04776709977543302,13.994805438217668
ams_beta_free_origin,100.0,12,0.038248325882131076,9.822516999234765
ams_beta_free_origin,100.0,13,0.02439648007147009,5.149104614316666
ams_beta_free_origin,100.0,14,0.004073555673642461,0.7074713370487594
ams_beta_free_origin,100.0,15,-0.014982213697809553,-2.194363047166107
ams_beta_free_origin,100.0,16,-0.04553602106958728,-5.619905541511006
ams_beta_free_origin,100.0,17,-0.03552053943779014,-3.8061930084262805
origin_beta,10.0,0,0.1445764797022216,8.723342168961427
origin_beta,10.0,1,0.153898915811984,9.2847360328859
origin_beta,10.0,2,0.058399994532588595,4.07107143544137
origin_beta,10.0,3,0.010255007092658969,0.8574161753113296
origin_beta,10.0,4,-0.023382333622076406,-2.4548633102461404
origin_beta,10.0,5,-0.02737222798147364,-3.540140106971088
origin_beta,10.0,6,-0.022607782044843573,-3.815820714502723
origin_beta,10.0,7,-0.00584976539675907,-1.0805997941120702
origin_beta,10.0,8,0.008048634987929421,1.576096659941789
origin_beta,10.0,9,0.021227883158146804,3.9107643535745513
origin_beta,10.0,10,0.03664605342698171,5.969985171984996
origin_beta,10.0,11,0.0492077322820004,6.837529836513573
origin_beta,10.0,12,0.05482757989109893,6.5592273729856
origin_beta,10.0,13,0.05968601535379969,6.148482045803572
origin_beta,10.0,14,0.0496400351158883,4.40015822550186
origin_beta,10.0,15,0.027771406883832672,2.1940487664166377
origin_beta,10.0,16,0.018993093215140623,1.3294422313304637
origin_beta,10.0,17,0.03318509659141435,2.139330037373686
origin_beta,20.0,0,0.06649695950405773,4.1085277058508165
origin_beta,20.0,1,0.18169967830070563,10.409472938729136
origin_beta,20.0,2,0.10386031419913475,7.000579811220264
origin_beta,20.0,3,0.06059160166179898,4.790302486251326
origin_beta,20.0,4,0.020858202661636273,1.944550167873385
origin_beta,20.0,5,0.0050038775354821026,0.55925251289599
origin_beta,20.0,6,-0.0077035277349817004,-1.065029361738386
origin_beta,20.0,7,-0.0009375323361138547,-0.15770565273895343
origin_beta,20.0,8,0.00828683224223764,1.7363300690300651
origin_beta,20.0,9,0.017909564973680826,3.9561118984850703
origin_beta,20.0,10,0.023679959406924286,4.778822908978336
origin_beta,20.0,11,0.033659197181225745,5.769694165262133
origin_beta,20.0,12,0.030490717338799034,4.250648821398913
origin_beta,20.0,13,0.023687729996236577,2.8188860868388366
origin_beta,20.0,14,0.014687999324658144,1.4957381768525508
origin_beta,20.0,15,0.009674194727975031,0.8649304558429473
origin_beta,20.0,16,-0.0025110548835576706,-0.19794463701370874
origin_beta,20.0,17,0.016748081296347937,1.2049894546592113
origin_beta,50.0,0,-0.189196735040615,-13.392529634719665
origin_beta,50.0,1,0.1453612193510534,9.266633258618661
origin_beta,50.0,2,0.14940256861409706,10.540665950258033
origin_beta,50.0,3,0.09646427138657426,7.808178412935371
origin_beta,50.0,4,0.044800658996445974,4.147627708610439
origin_beta,50.0,5,0.025292253167178595,2.8041836777909284
origin_beta,50.0,6,0.010347242217097843,1.383723301317111
origin_beta,50.0,7,0.005628459877850971,0.9236880942748803
origin_beta,50.0,8,0.0033337137304290236,0.6909730343923354
origin_beta,50.0,9,0.007602244845626832,1.8992787290652777
origin_beta,50.0,10,0.010539399922933498,2.9627797525355524
origin_beta,50.0,11,0.01572822283536367,4.0950465232369835
origin_beta,50.0,12,0.01544688371403656,3.251997100169013
origin_beta,50.0,13,0.014880814386225592,2.552691597968959
origin_beta,50.0,14,0.01199866484410722,1.6750396890768957
origin_beta,50.0,15,0.0066291653469790985,0.7928145993603222
origin_beta,50.0,16,0.006289651712694082,0.6627589232956818
origin_beta,50.0,17,0.04429161454046588,4.157178776888988
origin_beta,100.0,0,-0.3710824094067107,-27.138972200859484
origin_beta,100.0,1,0.09490840520084787,5.6957066512078285
origin_beta,100.0,2,0.16606359072808297,10.993940959976783
origin_beta,100.0,3,0.14242432975020447,10.820784824781082
origin_beta,100.0,4,0.09371722368651436,8.067589612084655
origin_beta,100.0,5,0.06907653479357077,6.9485417672262395
origin_beta,100.0,6,0.042962711319361475,5.092502734372532
origin_beta,100.0,7,0.031145550867272356,4.42289288811158
origin_beta,100.0,8,0.017901377802952284,3.145345871318413
origin_beta,100.0,9,0.014737239349748823,3.270601781997134
origin_beta,100.0,10,0.010082853640143958,2.75604047141855
origin_beta,100.0,11,0.01147984448055218,3.363364967134816
origin_beta,100.0,12,0.011438447802511508,2.937497142522484
origin_beta,100.0,13,0.0102432298220353,2.1619291712425226
origin_beta,100.0,14,0.005285921771872311,0.9180279939902652
origin_beta,100.0,15,0.0038365968380698243,0.56192539354619
origin_beta,100.0,16,-0.00758323284749789,-0.9358975883530779
origin_beta,100.0,17,0.025334394500778356,2.7146996286601133
origin_beta_deterministic,10.0,0,0.10151680707417725,6.1252414350692215
origin_beta_deterministic,10.0,1,0.14862962571816374,8.966839267052984
origin_beta_deterministic,10.0,2,0.06899329287549792,4.809531680790557
origin_beta_deterministic,10.0,3,0.02362829988965046,1.9755507078094356
origin_beta_deterministic,10.0,4,-0.011940031848169714,-1.253559485592497
origin_beta_deterministic,10.0,5,-0.018676226405761342,-2.4154576744961296
origin_beta_deterministic,10.0,6,-0.016272276578110006,-2.746491890080466
origin_beta_deterministic,10.0,7,-0.0009990073979363402,-0.18454196284940447
origin_beta_deterministic,10.0,8,0.012219916409713876,2.392923702839285
origin_beta_deterministic,10.0,9,0.02530768046924854,4.662376079303442
origin_beta_deterministic,10.0,10,0.0408547453275763,6.655620483030617
origin_beta_deterministic,10.0,11,0.053291045058209495,7.404915725770645
origin_beta_deterministic,10.0,12,0.05803689574598896,6.943169769235135
origin_beta_deterministic,10.0,13,0.0608326958981323,6.266605942956182
origin_beta_deterministic,10.0,14,0.04713649342656557,4.178240986091319
origin_beta_deterministic,10.0,15,0.019847078703144384,1.5679961309759272
origin_beta_deterministic,10.0,16,0.003512493273517544,0.24586078961355923
origin_beta_deterministic,10.0,17,0.0072805259439007765,0.4693506856838566
origin_beta_deterministic,20.0,0,0.042120270540777424,2.6024091896134913
origin_beta_deterministic,20.0,1,0.1793281409811998,10.273608892180155
origin_beta_deterministic,20.0,2,0.11370031240221587,7.66383307878555
origin_beta_deterministic,20.0,3,0.07241929280311772,5.725386173213724
origin_beta_deterministic,20.0,4,0.03045527841350309,2.8392579031045964
origin_beta_deterministic,20.0,5,0.011577259984324979,1.2939189044441977
origin_beta_deterministic,20.0,6,-0.003745919180084951,-0.5178814240355208
origin_beta_deterministic,20.0,7,0.0013643048907579878,0.22949458386020508
origin_beta_deterministic,20.0,8,0.00987842092123701,2.0698137453121648
origin_beta_deterministic,20.0,9,0.019593108391138998,4.32799620473205
origin_beta_deterministic,20.0,10,0.02597875332126504,5.242739625729939
origin_beta_deterministic,20.0,11,0.03677089727504489,6.3030865031331045
origin_beta_deterministic,20.0,12,0.034185115088836086,4.76567728948914
origin_beta_deterministic,20.0,13,0.027382723447917534,3.2585975169150356
origin_beta_deterministic,20.0,14,0.017468359597719234,1.7788734707683171
origin_beta_deterministic,20.0,15,0.010339864378582087,0.9244452754770245
origin_beta_deterministic,20.0,16,-0.00542231579913094,-0.42743722555039937
origin_beta_deterministic,20.0,17,0.008367405626016225,0.6020173513490357
origin_beta_deterministic,50.0,0,-0.18562663261141285,-13.139815429203324
origin_beta_deterministic,50.0,1,0.15372535044597543,9.799838302781557
origin_beta_deterministic,50.0,2,0.16303794522289058,11.502670494574103
origin_beta_deterministic,50.0,3,0.10925313079050303,8.843356458531641
origin_beta_deterministic,50.0,4,0.05402987831976271,5.002065269389803
origin_beta_deterministic,50.0,5,0.030756047587484035,3.4099613849391446
origin_beta_deterministic,50.0,6,0.01262520112491707,1.6883517959496086
origin_beta_deterministic,50.0,7,0.005730777123574804,0.9404794055332254
origin_beta_deterministic,50.0,8,0.0023240919262005875,0.4817104827554832
origin_beta_deterministic,50.0,9,0.0064392338423437095,1.60872217569734
origin_beta_deterministic,50.0,10,0.009993722834741956,2.809381927219283
origin_beta_deterministic,50.0,11,0.016318474018525014,4.2487260635603
origin_beta_deterministic,50.0,12,0.017405126939563337,3.6642615677944095
origin_beta_deterministic,50.0,13,0.01814398414245673,3.1124637853828525
origin_beta_deterministic,50.0,14,0.016209058006332554,2.262819725020567
origin_beta_deterministic,50.0,15,0.011154424255602086,1.3340126447939857
origin_beta_deterministic,50.0,16,0.010284116572135817,1.0836673217755208
origin_beta_deterministic,50.0,17,0.046748750622097435,4.387803785177057
origin_beta_deterministic,100.0,0,-0.3520610022826331,-25.747848757452637
origin_beta_deterministic,100.0,1,0.11491720049664352,6.896487848697607
origin_beta_deterministic,100.0,2,0.18593536525366355,12.309516005333538
origin_beta_deterministic,100.0,3,0.15872845879137715,12.05950206094024
origin_beta_deterministic,100.0,4,0.10477741773588457,9.019699620366723
origin_beta_deterministic,100.0,5,0.07524137238007587,7.568674661645604
origin_beta_deterministic,100.0,6,0.045094189373200214,5.345153404781621
origin_beta_deterministic,100.0,7,0.03045735417660179,4.325163993806256
origin_beta_deterministic,100.0,8,0.015598812489523455,2.7407756543354527
origin_beta_deterministic,100.0,9,0.011889794556931907,2.638674879508155
origin_beta_deterministic,100.0,10,0.0075962592610511895,2.076356426665947
origin_beta_deterministic,100.0,11,0.01002051780570231,2.935811421256178
origin_beta_deterministic,100.0,12,0.01145162650106822,2.9408815518427773
origin_beta_deterministic,100.0,13,0.0119199119173228,2.5158085623799002
origin_beta_deterministic,100.0,14,0.008556220843321916,1.4859944198815243
origin_beta_deterministic,100.0,15,0.008411267528927112,1.231952434906489
origin_beta_deterministic,100.0,16,-0.0022759987465569677,-0.2808962590012158
origin_beta_deterministic,100.0,17,0.030887053190281153,3.309693145556934
origin_beta_naive_width,10.0,0,0.15344632996264382,9.258524232935319
origin_beta_naive_width,10.0,1,0.17146838913285384,10.344704007061875
origin_beta_naive_width,10.0,2,0.07291680757319845,5.083040415511922
origin_beta_naive_width,10.0,3,0.02006356535962392,1.6775049805740496
origin_beta_naive_width,10.0,4,-0.01818747246653303,-1.9094654787599847
origin_beta_naive_width,10.0,5,-0.026056180843008505,-3.369931410013781
origin_beta_naive_width,10.0,6,-0.02443871775540695,-4.1248524628375405
origin_beta_naive_width,10.0,7,-0.01008052974004678,-1.8621290979754814
origin_beta_naive_width,10.0,8,0.002212740074253827,0.4333023233853955
origin_beta_naive_width,10.0,9,0.014571703381536778,2.6845115799266868
origin_beta_naive_width,10.0,10,0.029899620626738666,4.870928110861199
origin_beta_naive_width,10.0,11,0.04308423056138755,5.98665490737265
origin_beta_naive_width,10.0,12,0.049993971738443124,5.980964845838501
origin_beta_naive_width,10.0,13,0.05669298174298405,5.84015834033418
origin_beta_naive_width,10.0,14,0.04897070735112713,4.340828129082811
origin_beta_naive_width,10.0,15,0.029731566459474626,2.3489089691030443
origin_beta_naive_width,10.0,16,0.023827410799823884,1.6678255522535705
origin_beta_naive_width,10.0,17,0.041256781305819765,2.6596840316484873
origin_beta_naive_width,20.0,0,0.0588164281565185,3.633984567752975
origin_beta_naive_width,20.0,1,0.18921013769228304,10.839742956404482
origin_beta_naive_width,20.0,2,0.11400506026344522,7.6843742425715975
origin_beta_naive_width,20.0,3,0.06939125845314885,5.485993252787668
origin_beta_naive_width,20.0,4,0.027073779453529668,2.524010492915507
origin_beta_naive_width,20.0,5,0.008585279987397349,0.959523763885447
origin_beta_naive_width,20.0,6,-0.006536855145138712,-0.9037343542477562
origin_beta_naive_width,20.0,7,-0.0018007755411283389,-0.3029148661977441
origin_beta_naive_width,20.0,8,0.0058020465246461286,1.2156958833203277
origin_beta_naive_width,20.0,9,0.014248826799004416,3.1474775251008786
origin_beta_naive_width,20.0,10,0.01931400013182661,3.8977341433699664
origin_beta_naive_width,20.0,11,0.02901415343651155,4.9734635942545316
origin_beta_naive_width,20.0,12,0.026042970773209925,3.6305975288422436
origin_beta_naive_width,20.0,13,0.019828246904687763,2.3596000686815386
origin_beta_naive_width,20.0,14,0.011749660978744459,1.1965153389869068
origin_beta_naive_width,20.0,15,0.007924495762201007,0.7084969782658803
origin_beta_naive_width,20.0,16,-0.0028306241278148866,-0.2231360489854045
origin_beta_naive_width,20.0,17,0.018074724275441316,1.3004386450243064
origin_beta_naive_width,50.0,0,-0.21034044299151344,-14.889213682990778
origin_beta_naive_width,50.0,1,0.13879307777267305,8.8479207610952
origin_beta_naive_width,50.0,2,0.15168494326319504,10.70169228984942
origin_beta_naive_width,50.0,3,0.10157848843441065,8.222142242008982
origin_beta_naive_width,50.0,4,0.05008911704961757,4.637231112857206
origin_beta_naive_width,50.0,5,0.02979387162682079,3.303283735216897
origin_beta_naive_width,50.0,6,0.013631679561812387,1.8229468538582743
origin_beta_naive_width,50.0,7,0.007600769087810046,1.247364299667586
origin_beta_naive_width,50.0,8,0.004033975449379333,0.8361150603543602
origin_beta_naive_width,50.0,9,0.007157320356387402,1.7881226645590436
origin_beta_naive_width,50.0,10,0.00911973630795261,2.5636915079833824
origin_beta_naive_width,50.0,11,0.013527447654050182,3.5220462008864732
origin_beta_naive_width,50.0,12,0.012686371050080388,2.670832682519661
origin_beta_naive_width,50.0,13,0.011773131953444402,2.019592089473012
origin_beta_naive_width,50.0,14,0.008754508521283615,1.2221484158476008
origin_beta_naive_width,50.0,15,0.0034468470838098972,0.4122254532468904
origin_beta_naive_width,50.0,16,0.00332764201599155,0.3506433329497302
origin_beta_naive_width,50.0,17,0.0416102367732525,3.9055066068330215
origin_beta_naive_width,100.0,0,-0.3961711956527327,-28.973831130369774
origin_beta_naive_width,100.0,1,0.07838520350590612,4.704105226718953
origin_beta_naive_width,100.0,2,0.16124304413976895,10.674805354427217
origin_beta_naive_width,100.0,3,0.1435094771536305,10.903229633025836
origin_beta_naive_width,100.0,4,0.09716636412501105,8.364506747245596
origin_beta_naive_width,100.0,5,0.07317182399497865,7.360494800914053
origin_beta_naive_width,100.0,6,0.0467945820998932,5.54670620124791
origin_beta_naive_width,100.0,7,0.03431005498936913,4.8722753002470105
origin_beta_naive_width,100.0,8,0.02018314747717538,3.5462622087711404
origin_beta_naive_width,100.0,9,0.016086500540561356,3.57004022839288
origin_beta_naive_width,100.0,10,0.010505002225065839,2.8714302833230456
origin_beta_naive_width,100.0,11,0.011033689111632924,3.232650362048985
origin_beta_naive_width,100.0,12,0.01020883528161853,2.6217214945591376
origin_beta_naive_width,100.0,13,0.008336103407746154,1.7594123577049334
origin_beta_naive_width,100.0,14,0.00282471873099813,0.490580637043068
origin_beta_naive_width,100.0,15,0.0009313686998344894,0.13641248879681578
origin_beta_naive_width,100.0,16,-0.010785241051877474,-1.3310788806372003
origin_beta_naive_width,100.0,17,0.021797854664635144,2.33574273748102
origin_beta_offset,10.0,0,0.15881775658514835,9.582621156999904
origin_beta_offset,10.0,1,0.14205885954379924,8.57042432714969
origin_beta_offset,10.0,2,0.04270942695726103,2.9772798696539198
origin_beta_offset,10.0,3,-0.003748535317224644,-0.31341322201668415
origin_beta_offset,10.0,4,-0.034136896140929476,-3.5839627992874847
origin_beta_offset,10.0,5,-0.034776248287735186,-4.497726360335828
origin_beta_offset,10.0,6,-0.02673394341537919,-4.512248696594926
origin_beta_offset,10.0,7,-0.006931973987787802,-1.2805111241117075
origin_beta_offset,10.0,8,0.009738958482636225,1.9070985277397334
origin_beta_offset,10.0,9,0.02534548775606947,4.669341229266967
origin_beta_offset,10.0,10,0.042833337533993855,6.977951676408751
origin_beta_offset,10.0,11,0.05707239226970596,7.930342791432883
origin_beta_offset,10.0,12,0.06393313137226579,7.6485583746462344
origin_beta_offset,10.0,13,0.06964802654544203,7.174706473566579
origin_beta_offset,10.0,14,0.05995437337243809,5.314434780992043
origin_beta_offset,10.0,15,0.037981618098831896,3.0006950200554368
origin_beta_offset,10.0,16,0.028927083562705017,2.02478269768238
origin_beta_offset,10.0,17,0.042787166232608795,2.7583427302484713
origin_beta_offset,20.0,0,0.08463211345050305,5.229011754964277
origin_beta_offset,20.0,1,0.17089287986822743,9.790357501160718
origin_beta_offset,20.0,2,0.0871656003226171,5.875292661655471
origin_beta_offset,20.0,3,0.04486405751483109,3.5469008965332085
origin_beta_offset,20.0,4,0.008282226746475187,0.7721281488862642
origin_beta_offset,20.0,5,-0.0041312359047334015,-0.4617227429539193
origin_beta_offset,20.0,6,-0.01342952578293807,-1.8566609695065512
origin_beta_offset,20.0,7,-0.003579951378875425,-0.6021963693748291
origin_beta_offset,20.0,8,0.008446669277082902,1.769820532168908
origin_beta_offset,20.0,9,0.020542057605781764,4.537613204621397
origin_beta_offset,20.0,10,0.028411875428820465,5.733764946682455
origin_beta_offset,20.0,11,0.04014190725404411,6.880928467163095
origin_beta_offset,20.0,12,0.03826911653917735,5.335019616158333
origin_beta_offset,20.0,13,0.032360584980813824,3.8509727516682584
origin_beta_offset,20.0,14,0.023886656284159046,2.432474493758403
origin_beta_offset,20.0,15,0.019115718541366115,1.7090587502790593
origin_beta_offset,20.0,16,0.006816856945784698,0.53736789368616
origin_beta_offset,20.0,17,0.025988568433152198,1.8698231964318428
origin_beta_offset,50.0,0,-0.1705868591780831,-12.075206088232939
origin_beta_offset,50.0,1,0.13656364698883008,8.70579676446406
origin_beta_offset,50.0,2,0.13155280392861599,9.281327449014784
origin_beta_offset,50.0,3,0.07879583342051663,6.378029053656016
origin_beta_offset,50.0,4,0.030132134066258445,2.789621335317689
origin_beta_offset,50.0,5,0.013995679143969176,1.551718415741894
origin_beta_offset,50.0,6,0.0024907054951294875,0.3330788202323431
origin_beta_offset,50.0,7,0.0009561439401816323,0.15691304426532715
origin_beta_offset,50.0,8,0.0015445333591271376,0.3201327372938289
origin_beta_offset,50.0,9,0.008351315404796215,2.086420002266685
origin_beta_offset,50.0,10,0.013478319013521518,3.7889529729849767
origin_beta_offset,50.0,11,0.02051108626663314,5.340326964031583
origin_beta_offset,50.0,12,0.02169668198585594,4.567752836591709
origin_beta_offset,50.0,13,0.022250970293699605,3.8169863181655304
origin_beta_offset,50.0,14,0.02014525825519498,2.8123218343520913
origin_beta_offset,50.0,15,0.015224545539641546,1.820778535559425
origin_beta_offset,50.0,16,0.01509350917037902,1.5904470300517013
origin_beta_offset,50.0,17,0.05337706109846453,5.009932193113264
origin_beta_offset,100.0,0,-0.35388152401594286,-25.880991928508216
origin_beta_offset,100.0,1,0.08766667548456847,5.261111126986614
origin_beta_offset,100.0,2,0.14756071213447744,9.768991204549645
origin_beta_offset,100.0,3,0.12287442015213675,9.335467214541042
origin_beta_offset,100.0,4,0.07691755341177864,6.6214003198339055
origin_beta_offset,100.0,5,0.055727815446525636,5.605768360900751
origin_beta_offset,100.0,6,0.0332702944934488,3.9436306619902015
origin_beta_offset,100.0,7,0.024802638734502856,3.522153611368784
origin_beta_offset,100.0,8,0.0146066278695368,2.5664447267156816
origin_beta_offset,100.0,9,0.014096644053629608,3.1284359348324
origin_beta_offset,100.0,10,0.011731215089737524,3.20660248776268
origin_beta_offset,100.0,11,0.015065648712020223,4.413933931858569
origin_beta_offset,100.0,12,0.016611328467461117,4.265939815361616
origin_beta_offset,100.0,13,0.016661405454015232,3.5165449873482952
origin_beta_offset,100.0,14,0.012602713973489211,2.188765692576138
origin_beta_offset,100.0,15,0.01177564717484687,1.7247147543175034
origin_beta_offset,100.0,16,0.0006174521120667516,0.07620390329929772
origin_beta_offset,100.0,17,0.03390726762862863,3.633323339837043
origin_beta_free_depth,10.0,0,0.18971675205461871,11.446980496171427
origin_beta_free_depth,10.0,1,0.1672262917513406,10.088777873954706
origin_beta_free_depth,10.0,2,0.06084916440147546,4.241803394811762
origin_beta_free_depth,10.0,3,0.009437724971499362,0.7890836130670155
origin_beta_free_depth,10.0,4,-0.024889332443779805,-2.6130800295769685
origin_beta_free_depth,10.0,5,-0.028639097983327925,-3.703988563403586
origin_beta_free_depth,10.0,6,-0.02329983290519022,-3.9326274849838847
origin_beta_free_depth,10.0,7,-0.005905541921038702,-1.0909031304965087
origin_beta_free_depth,10.0,8,0.008558748423288137,1.6759878940288173
origin_beta_free_depth,10.0,9,0.022152642429582113,4.081130638682864
origin_beta_free_depth,10.0,10,0.037795613056772766,6.157259197490624
origin_beta_free_depth,10.0,11,0.05036643703188193,6.9985345797035565
origin_beta_free_depth,10.0,12,0.05576862440185678,6.6718080290426585
origin_beta_free_depth,10.0,13,0.06019390479874033,6.2008016572730265
origin_beta_free_depth,10.0,14,0.04951046072629684,4.3886725806016464
origin_beta_free_depth,10.0,15,0.02684284164486985,2.120688514067673
origin_beta_free_depth,10.0,16,0.017110523833680474,1.1976697385209367
origin_beta_free_depth,10.0,17,0.03014538811074829,1.9433703950795944
origin_beta_free_depth,20.0,0,0.06446865529647268,3.9832085319380837
origin_beta_free_depth,20.0,1,0.15503146476936147,8.881665902002538
origin_beta_free_depth,20.0,2,0.07562874366439752,5.097664686723474
origin_beta_free_depth,20.0,3,0.03599385962543733,2.8456332317457083
origin_beta_free_depth,20.0,4,0.001477780192752079,0.13776919174255403
origin_beta_free_depth,20.0,5,-0.009322314419393607,-1.0418975540635598
origin_beta_free_depth,20.0,6,-0.01717651087819658,-2.374689758618959
origin_beta_free_depth,20.0,7,-0.006032578124532323,-1.0147614478788134
origin_beta_free_depth,20.0,8,0.007257619973498532,1.5206804507696838
origin_beta_free_depth,20.0,9,0.02060617804989219,4.551777013304309
origin_beta_free_depth,20.0,10,0.02972055110797341,5.99786714417736
origin_beta_free_depth,20.0,11,0.04269542498965195,7.318639928333881
origin_beta_free_depth,20.0,12,0.042020646241092384,5.858012733332279
origin_beta_free_depth,20.0,13,0.03726355807933522,4.434436116615549
origin_beta_free_depth,20.0,14,0.029890991456718124,3.043920147159138
origin_beta_free_depth,20.0,15,0.026207675009386727,2.343121771872523
origin_beta_free_depth,20.0,16,0.014905410596120197,1.1749827171475833
origin_beta_free_depth,20.0,17,0.035313930393710787,2.540763504430202
origin_beta_free_depth,50.0,0,-0.1700361318968249,-12.036222162673567
origin_beta_free_depth,50.0,1,0.13887646195773098,8.853236420016817
origin_beta_free_depth,50.0,2,0.13372631784173952,9.434673434354902
origin_beta_free_depth,50.0,3,0.08035339406433165,6.50410382954
origin_beta_free_depth,50.0,4,0.03107652774746006,2.877052937613967
origin_beta_free_depth,50.0,5,0.014441811633437048,1.6011816817004008
origin_beta_free_depth,50.0,6,0.0025361476384540014,0.339155739208495
origin_beta_free_depth,50.0,7,0.0006958943539799326,0.11420341329497039
origin_beta_free_depth,50.0,8,0.0010654760865526772,0.2208393713826858
origin_beta_free_depth,50.0,9,0.007730712260534909,1.9313739106159313
origin_beta_free_depth,50.0,10,0.012790812543558036,3.595684830221679
origin_beta_free_depth,50.0,11,0.01982326427829619,5.161243600867873
origin_beta_free_depth,50.0,12,0.021074503410870016,4.436767004167598
origin_beta_free_depth,50.0,13,0.02175075085272002,3.73117744164925
origin_beta_free_depth,50.0,14,0.01981821647885915,2.7666660916118677
origin_beta_free_depth,50.0,15,0.015115247145171543,1.8077070011675505
origin_beta_free_depth,50.0,16,0.015240714044762993,1.6059584364867658
origin_beta_free_depth,50.0,17,0.05383367890520602,5.052790008865296
origin_beta_free_depth,100.0,0,-0.36281121415399337,-26.534061452354145
origin_beta_free_depth,100.0,1,0.0772904232702995,4.638404543451126
origin_beta_free_depth,100.0,2,0.13900451410147002,9.202543522644588
origin_beta_free_depth,100.0,3,0.11595848843098008,8.810024622332481
origin_beta_free_depth,100.0,4,0.07132689287673392,6.140131743119671
origin_beta_free_depth,100.0,5,0.05111215265261438,5.1414699446184455
origin_beta_free_depth,100.0,6,0.02952942735572347,3.50021413768892
origin_beta_free_depth,100.0,7,0.021833241742395402,3.1004778190753672
origin_beta_free_depth,100.0,8,0.012391061734726894,2.1771606240357215
origin_beta_free_depth,100.0,9,0.012607168000595664,2.7978799251427087
origin_beta_free_depth,100.0,10,0.010974601562772475,2.999790252262589
origin_beta_free_depth,100.0,11,0.015046720880637911,4.408388455603821
origin_beta_free_depth,100.0,12,0.017342782997494102,4.45378397297409
origin_beta_free_depth,100.0,13,0.01815228155908598,3.8312082916243724
origin_beta_free_depth,100.0,14,0.01485225015355673,2.5794519864568026
origin_beta_free_depth,100.0,15,0.014794694145404616,2.166898082060271
origin_beta_free_depth,100.0,16,0.004372333822593623,0.5396190203219399
origin_beta_free_depth,100.0,17,0.038587230858144035,4.134803430111871
origin_beta_amplitude_free,10.0,0,0.16190491447140645,9.768891666746056
origin_beta_amplitude_free,10.0,1,0.13408168996999617,8.089160938180688
origin_beta_amplitude_free,10.0,2,0.03557613388959951,2.4800170551482834
origin_beta_amplitude_free,10.0,3,-0.009063252668500285,-0.7577741652142357
origin_beta_amplitude_free,10.0,4,-0.03851430422695731,-4.043537907488779
origin_beta_amplitude_free,10.0,5,-0.03956257815613273,-5.116758115579728
origin_beta_amplitude_free,10.0,6,-0.033232414346079646,-5.609083403368665
origin_beta_amplitude_free,10.0,7,-0.016462559142980143,-3.041051531796122
origin_beta_amplitude_free,10.0,8,-0.003976280687136073,-0.7786416851285791
origin_beta_amplitude_free,10.0,9,0.006386294034756882,1.1765323408136452
origin_beta_amplitude_free,10.0,10,0.017614503078268756,2.869567452841258
origin_beta_amplitude_free,10.0,11,0.024793837133156763,3.445161833268001
origin_beta_amplitude_free,10.0,12,0.024101455448750902,2.8833467868222415
origin_beta_amplitude_free,10.0,13,0.021735788486577454,2.239085730031024
origin_beta_amplitude_free,10.0,14,0.004292089019318449,0.3804564351908663
origin_beta_amplitude_free,10.0,15,-0.02484545601349138,-1.9628873087158665
origin_beta_amplitude_free,10.0,16,-0.041833502928557996,-2.9281815683070063
origin_beta_amplitude_free,10.0,17,-0.0377032976827345,-2.4306030575660253
origin_beta_amplitude_free,20.0,0,0.0796499202384287,4.921185968637005
origin_beta_amplitude_free,20.0,1,0.1542627016186948,8.837623891097525
origin_beta_amplitude_free,20.0,2,0.07297297626456747,4.918655872953661
origin_beta_amplitude_free,20.0,3,0.03410947160183718,2.6966556773166577
origin_beta_amplitude_free,20.0,4,1.045958115796765e-05,0.0009751166304477613
origin_beta_amplitude_free,20.0,5,-0.011489257663718793,-1.2840834281379323
origin_beta_amplitude_free,20.0,6,-0.021260176098350615,-2.939265302784794
origin_beta_amplitude_free,20.0,7,-0.013315903220872,-2.2399154977000455
origin_beta_amplitude_free,20.0,8,-0.00441807443131271,-0.925713862433608
origin_beta_amplitude_free,20.0,9,0.003445934478516196,0.7611855682643127
origin_beta_amplitude_free,20.0,10,0.006179530157605581,1.2470832308628408
origin_beta_amplitude_free,20.0,11,0.011819807592940806,2.0260933300438317
origin_beta_amplitude_free,20.0,12,0.003516517196028277,0.4902305022422722
origin_beta_amplitude_free,20.0,13,-0.00918753996151311,-1.0933351812900522
origin_beta_amplitude_free,20.0,14,-0.024710301565671517,-2.516349612793469
origin_beta_amplitude_free,20.0,15,-0.03698345251558415,-3.306540269491333
origin_beta_amplitude_free,20.0,16,-0.05654150553246603,-4.457125912347884
origin_beta_amplitude_free,20.0,17,-0.04690977678615917,-3.375060423193981
origin_beta_amplitude_free,50.0,0,-0.17739249637464613,-12.556951705135653
origin_beta_amplitude_free,50.0,1,0.11646727131521743,7.42467278912748
origin_beta_amplitude_free,50.0,2,0.1143798154433392,8.069736934406654
origin_beta_amplitude_free,50.0,3,0.06721662073036686,5.440764331013865
origin_beta_amplitude_free,50.0,4,0.0229970884855011,2.129061570888883
origin_beta_amplitude_free,50.0,5,0.009478048108828015,1.0508430240838662
origin_beta_amplitude_free,50.0,6,-0.0009644730015084024,-0.1289777254342407
origin_beta_amplitude_free,50.0,7,-0.0028813446554837147,-0.4728582616794011
origin_beta_amplitude_free,50.0,8,-0.003951361007062752,-0.8189917088886745
origin_beta_amplitude_free,50.0,9,1.92659995827579e-05,0.004813249763030422
origin_beta_amplitude_free,50.0,10,0.0012961463165000358,0.36436572204586926
origin_beta_amplitude_free,50.0,11,0.0035410596972984447,0.9219607551205776
origin_beta_amplitude_free,50.0,12,-0.0007523776673075923,-0.15839634955579268
origin_beta_amplitude_free,50.0,13,-0.006316867607064131,-1.0836110475889673
origin_beta_amplitude_free,50.0,14,-0.015006544810557352,-2.0949462694542675
origin_beta_amplitude_free,50.0,15,-0.026831894021391436,-3.2089586237793903
origin_beta_amplitude_free,50.0,16,-0.03442129177464979,-3.627071786657289
origin_beta_amplitude_free,50.0,17,-0.006089147006404924,-0.5715229161776545
origin_beta_amplitude_free,100.0,0,-0.3652503397845175,-26.712445986363807
origin_beta_amplitude_free,100.0,1,0.05850360805898279,3.510957631582112
origin_beta_amplitude_free,100.0,2,0.12084194062669111,8.000123054753354
origin_beta_amplitude_free,100.0,3,0.10311473967455634,7.834212119787694
origin_beta_amplitude_free,100.0,4,0.06343912430568113,5.461118032692072
origin_beta_amplitude_free,100.0,5,0.04643126574039509,4.67061050856802
origin_beta_amplitude_free,100.0,6,0.026430524943853402,3.132891673129053
origin_beta_amplitude_free,100.0,7,0.018756417081084557,2.663546522837554
origin_beta_amplitude_free,100.0,8,0.007991232061299801,1.4040924138594169
origin_beta_amplitude_free,100.0,9,0.005643194022836613,1.2523811271043495
origin_beta_amplitude_free,100.0,10,0.00039442509832971937,0.10781189261856898
origin_beta_amplitude_free,100.0,11,-0.000156823669554423,-0.04594620049865889
origin_beta_amplitude_free,100.0,12,-0.003304285675060502,-0.8485705312601077
origin_beta_amplitude_free,100.0,13,-0.008632691626782051,-1.8220100669939718
origin_beta_amplitude_free,100.0,14,-0.01855487321753376,-3.2225019161800215
origin_beta_amplitude_free,100.0,15,-0.02583899670948957,-3.7844967839058583
origin_beta_amplitude_free,100.0,16,-0.04343612399694643,-5.360743170316942
origin_beta_amplitude_free,100.0,17,-0.019083218832469193,-2.0448567293191937
