model,free,z0,beta,delta,chi2,dof,chi2_per_dof,aic_scaled
front_face_ams,,0.0,0.65,-0.5,38175.761572370575,72,530.2189107273691,72.0
front_face_free_beta,beta,0.0,0.47468242156031804,-0.5,12872.167414416326,71,181.29813259741306,73.0
front_face_free_beta_offset,beta+delta,0.0,0.47486377068130337,-0.7206676478364673,10699.688897198794,70,152.85269853141133,74.0
ams_beta_free_origin,z0,-1.4296201897724994,0.65,-0.5,4621.3418940839965,71,65.08932245188727,73.0
origin_beta,z0+beta,-0.98328771876182,0.5711001964840685,-0.5,2494.1516575169467,70,35.63073796452781,74.0
origin_beta_deterministic,z0+beta,-1.281494337904429,0.5576094724083307,-0.5,2585.55015663552,70,36.93643080907886,74.0
origin_beta_naive_width,z0+beta,-0.9582596057692123,0.5773840845710156,-0.5,2634.7980130371893,70,37.63997161481699,74.0
origin_beta_offset,z0+beta+delta,-1.0562386385995193,0.5772232983886112,-0.45373422423603155,2421.400190386338,69,35.0927563824107,75.0
origin_beta_free_depth,z0+beta+xmax_0+xmax_1+xmax_2+xmax_3,-1.0497716661698047,0.5760415733613993,-0.5,2392.318939822944,66,36.247256663984,78.0
origin_beta_amplitude_free,z0+beta,-1.123758521253631,0.5969800369285698,-0.5,1840.3293127527375,70,26.290418753610535,74.0
