energy_gev,origin_x0,mean_ln_t,sd_ln_t,sd_ln_alpha,skewness_ln_t,skewness_ln_alpha,excess_kurtosis_ln_t,pearson,beta_median
10,0.0,1.8762867478914067,0.15425548669146597,0.2089734220372708,0.6064839777994226,0.409311914801762,1.5165328371913196,0.6169044374473929,0.5197350740711314
10,-0.5,1.9611070172351823,0.14052398728166637,0.20197113593140967,0.6864898566473342,0.34075667238452856,1.7223949362605078,0.5477754652051127,0.5613184709341057
10,-1.0,2.037802659920059,0.12946462939190273,0.19666561840106692,0.7489143931922039,0.2586322501621643,1.9069516771907757,0.4803627184653989,0.6023985357280608
10,-1.5,2.107902694759828,0.12033294655791912,0.19284882414239263,0.7985778003546675,0.1683603095503744,2.06917109896252,0.4160750500908203,0.6434880098881923
10,-2.0,2.172552301191382,0.11262576772114377,0.19021453917249131,0.8392102795100318,0.07621093367212008,2.211655206388399,0.3556143772451361,0.6849756643423232
10,-2.5,2.232618674920937,0.10600329067899826,0.1884909402458635,0.8732834985061657,-0.013455825322929008,2.33760452593444,0.2992767872130029,0.7257366325806792
10,-3.0,2.288770688555284,0.1002298573538441,0.18746220833417204,0.9024619510594593,-0.09804583819208838,2.4500177706601605,0.24711050154465083,0.7667470862729129
20,0.0,1.9921470998313062,0.14906417063235097,0.20466885199637477,0.7468443173786895,0.7941722360207903,1.5376345519807142,0.5988467178100341,0.5243369544691902
20,-0.5,2.0668115936106624,0.13768696421571036,0.19862732490145363,0.8059615331284583,0.7111409466497807,1.7238398095581209,0.5385746641045648,0.5636281761876146
20,-1.0,2.1352149123392503,0.1282192524604045,0.19391363607206924,0.8540449457582914,0.6111380118906135,1.890752541846057,0.4800146525132363,0.6024063806036888
20,-1.5,2.198414016474509,0.1201822797088584,0.19032033303551107,0.8941718528020228,0.5011172359115101,2.0404385947983013,0.4238482968531997,0.6393278785208294
20,-2.0,2.2572135478010824,0.11324960055141457,0.18764882829942703,0.9282960906310954,0.3868992717895755,2.175211456057079,0.37055736754693214,0.6770707379153189
20,-2.5,2.3122411377395675,0.10718897753989248,0.1857189235586239,0.9577931528651457,0.273131976684644,2.2972679788526413,0.32039719729354244,0.7171594033177757
20,-3.0,2.3639948486453757,0.10183105786141758,0.18437928318004215,0.9836482507562462,0.1631217461831344,2.408504875348555,0.2734553255804214,0.75305132607007
50,0.0,2.1145130076019223,0.12445014749448363,0.1679783614656461,0.8802451321283016,0.6142421023512654,2.0607368510859656,0.5946052282094448,0.5220699109057592
50,-0.5,2.1796553451942535,0.11621062120919107,0.16314881569756207,0.9251244090416187,0.5203338401053784,2.2278157062376884,0.5398254419432997,0.5572372301482658
50,-1.0,2.2400903568274706,0.10914758903371384,0.15924074303387728,0.9635563300972536,0.4202448778782246,2.3791918896273474,0.4858977697613988,0.5911590461701349
50,-1.5,2.2965097948213926,0.10300979856715703,0.15612138340254447,0.9968979746742164,0.3168815777890941,2.516952248206895,0.4334239481916532,0.6245536245629004
50,-2.0,2.349458993118303,0.09761436361760578,0.1536709054166721,1.026153625237602,0.2130572177806426,2.6429119087704613,0.3828665734586458,0.6583402588058636
50,-2.5,2.3993759828941212,0.0928246183360852,0.15178015215678678,1.0520966984089801,0.11123843758812534,2.7586549484384166,0.3345474540854025,0.6922647582212216
50,-3.0,2.446617912428732,0.08853642432075297,0.15035396442492832,1.0753217937127733,0.013329439036686421,2.8655372360256433,0.2886633403173503,0.7270191356175202
100,0.0,2.205592586753818,0.1191747014549376,0.15979665930141168,0.7227362548879941,0.12200759650577436,1.2463641208448877,0.5130154036357977,0.5281876738310516
100,-0.5,2.264590614411839,0.11211279707451147,0.1561683112092861,0.7579290866130871,0.01268526766523009,1.3374577983070166,0.4548986577466031,0.5599125769697015
100,-1.0,2.319748020830505,0.10595955036066455,0.15331421497722775,0.7888124589970865,-0.09894669713543686,1.4215167475293935,0.398276924427726,0.5915311489195747
100,-1.5,2.371577081997506,0.10053728926671973,0.15111691846199557,0.8162286157164125,-0.21011148209113187,1.4994122067896143,0.3436877068777078,0.6236901679058575
100,-2.0,2.4204907852408963,0.0957132824439622,0.14947266474704163,0.8408022886974623,-0.3184776670446585,1.5718921393926815,0.2915179537236269,0.6546907031430824
100,-2.5,2.4668270330374025,0.0913861547230123,0.14828994958408362,0.8630130951984659,-0.42220911772442643,1.6395915931154965,0.24201746654722356,0.6863120366133819
100,-3.0,2.510865951443755,0.08747702658183021,0.14748937692486638,0.8832360339602483,-0.5200160659174993,1.7030546147812204,0.19531741785228615,0.7181076807900936
