energy_gev,model,predicted_behind_prefix,measured_behind_prefix,ratio
10,measured,0.05103317484545001,0.05103317484545001,1.0
20,measured,0.06733010090880794,0.06733010090880794,1.0
50,measured,0.09170403471463956,0.09170403471463956,1.0
100,measured,0.11312789931531717,0.11312789931531717,1.0
10,primary,0.042275709774153784,0.05103317484545001,0.828396624395454
20,primary,0.055679789559760454,0.06733010090880794,0.8269672673619383
50,primary,0.07884616117223286,0.09170403471463956,0.8597894456616086
100,primary,0.10084725239705314,0.11312789931531717,0.8914445773978827
10,tail_literature_rate,0.06905839743669935,0.05103317484545001,1.3532059811257544
20,tail_literature_rate,0.07790078880138694,0.06733010090880794,1.1569979511377233
50,tail_literature_rate,0.09400257245621284,0.09170403471463956,1.025064739503837
100,tail_literature_rate,0.1100548426979125,0.11312789931531717,0.9728355548365727
10,tail_free_rate,0.06778344163944537,0.05103317484545001,1.3282230988905206
20,tail_free_rate,0.07847810009209814,0.06733010090880794,1.1655722928202512
50,tail_free_rate,0.09752066712795025,0.09170403471463956,1.0634283151380484
100,tail_free_rate,0.11610386179661306,0.11312789931531717,1.0263061764543253
10,tail_literature_rate_energy_weight,0.06021199302943399,0.05103317484545001,1.1798598306254964
20,tail_literature_rate_energy_weight,0.0760025377981445,0.06733010090880794,1.1288047511035597
50,tail_literature_rate_energy_weight,0.10039285395221663,0.09170403471463956,1.0947484945958434
100,tail_literature_rate_energy_weight,0.12171316278574822,0.11312789931531717,1.0758898867776345
10,exponential_tail_literature_rate,0.041960369651406454,0.05103317484545001,0.8222175041721421
20,exponential_tail_literature_rate,0.055398671415659385,0.06733010090880794,0.8227920449828449
50,exponential_tail_literature_rate,0.07884265202870229,0.09170403471463956,0.8597511796949967
100,exponential_tail_literature_rate,0.10136848518167467,0.11312789931531717,0.8960520419382497
10,exponential_tail_free_rate,0.04631541889722609,0.05103317484545001,0.9075551156181978
20,exponential_tail_free_rate,0.05920054387432997,0.06733010090880794,0.8792582080711767
50,exponential_tail_free_rate,0.08165523680756302,0.09170403471463956,0.8904214199697328
100,exponential_tail_free_rate,0.10326482880390872,0.11312789931531717,0.9128148708576522
