energy_gev,variant,layer0_log_ratio,early4_log_ratio,profile_error_layers_0_3,profile_error_layers_4_17,leakage_mean_difference,leakage_sd_log_ratio,ks_contained,ks_cog,ks_rms,max_abs_lag_correlation_difference
10,dec001_deposition,2.2383685684618437,0.20596656708493155,0.41531424774796366,0.11507081345341533,0.03393405673623062,0.8239847112741092,0.7395,0.034,0.894,0.4441978869166604
10,dec001_sampling,1.2587010814754842,0.1821195550183743,0.33019816701332544,0.2210367140703983,0.04118692985799888,1.017031354397801,0.873,0.3360000000000001,0.894,0.44404966531364654
10,fixed_beta_data_T,1.939494087379514,0.12724346432540698,0.35845110128277513,0.11714474670859189,0.03403946086744436,0.6368288316457845,0.7310000000000001,0.09425,0.894,0.4441950726352346
10,fixed_beta_matched_mean,1.2082249613452445,0.03204441612910434,0.23094472996826937,0.023622549183721246,0.016416166369881857,0.3219066316456124,0.36550000000000005,0.07175000000000009,0.46799999999999997,0.4441976057916429
10,joint_data,0.9926274746154045,0.03893401569670887,0.2039168765865189,0.022597487220932293,0.011066248613625929,0.047469057999443384,0.3195,0.07950000000000002,0.097,0.28879580737184274
10,fixed_beta_origin_data_T,0.6550105302905265,0.13927300534356826,0.38083430269150165,0.03335456904069623,0.01942394208660314,0.48233010415826566,0.43550000000000005,0.065,0.46625000000000005,0.4441971658228654
10,joint_origin_data,0.49508136692040344,0.08918278578791583,0.2544248571614254,0.03503850747559686,0.02093831440225513,0.08695890516503632,0.47750000000000004,0.06775,0.11200000000000002,0.2902750927267981
10,joint_ams_mean_gp_fluct,1.8372227224878113,0.19685687682010003,0.3876877339971411,0.1001271381537271,0.02969768365913017,0.4205623812710712,0.61625,0.03225,0.45799999999999996,0.29492260616726773
10,joint_ams_mean_gp_fluct_sampling_T,1.029023818611906,0.18315513802521763,0.29671683347491373,0.20697987497580797,0.03726378568442146,0.5473086009778679,0.7425,0.316,0.52625,0.25828980201442064
20,dec001_deposition,2.714030002948017,0.2760015221778299,0.4852942288270242,0.10376598012090499,0.03952425520212499,0.8097480318730581,0.6657500000000001,0.039000000000000035,0.92,0.37954158935408944
20,dec001_sampling,1.70139863902187,0.1410417985277144,0.366543100728558,0.20808257724301077,0.049623374306067,0.9966619350239845,0.82725,0.3025,0.92,0.3795415891978393
20,fixed_beta_data_T,2.4201375071876177,0.2316798230267232,0.4473852525326131,0.08853437370585546,0.036887343344137014,0.4749265495074468,0.6112500000000001,0.0685,0.92,0.37953936482270045
20,fixed_beta_matched_mean,1.5608299793004292,0.08082808404959824,0.2915919794690047,0.029032020171593915,0.015268318974839934,0.24475463531758562,0.25875000000000004,0.10725000000000007,0.494,0.3795355264787106
20,joint_data,1.3080535008095908,0.08844667222563284,0.2719590519502196,0.02626129344585492,0.009471203581246979,0.04114118660108915,0.2532500000000001,0.10775000000000001,0.101,0.22549851816389754
20,fixed_beta_origin_data_T,0.7795543743031379,0.1942212111422648,0.5168149552793305,0.034135729563398276,0.01916354464954073,0.3235098080758658,0.31900000000000006,0.05674999999999997,0.53075,0.3795345506973995
20,joint_origin_data,0.5866005071822992,0.11964464388949528,0.33495234566164145,0.024812977505825902,0.02236350355145289,0.03541506098741641,0.41275000000000006,0.07100000000000001,0.08299999999999996,0.2396184741088947
20,joint_ams_mean_gp_fluct,2.254339976078218,0.2550642378264373,0.45414281576741916,0.09273275459009686,0.03526001472038032,0.49337481778974623,0.558,0.03974999999999995,0.4695,0.24364296630368676
20,joint_ams_mean_gp_fluct_sampling_T,1.4180068090426912,0.15019065055075226,0.33912227100271664,0.19850268532283005,0.0455531123610613,0.6182694381907131,0.72475,0.2895,0.49775,0.18284918035407516
50,dec001_deposition,3.4308371532836164,0.36342720595377676,0.5583996979232213,0.08742702544979218,0.04290123932262546,0.5768786274764551,0.603,0.031250000000000014,0.937,0.32966177372445726
50,dec001_sampling,2.3789168243975074,0.0889460449091916,0.3980580138343326,0.1927991720075765,0.05734293250965539,0.7447496458588718,0.7915000000000001,0.30050000000000004,0.937,0.3296619648494691
50,fixed_beta_data_T,3.222580412920188,0.3378808836943599,0.5393714368883424,0.07621107479232896,0.03993777051268843,0.32725833492350914,0.5607500000000001,0.08100000000000007,0.937,0.32963326531642545
50,fixed_beta_matched_mean,2.101990843076285,0.0971713299740817,0.3458327887006725,0.023584904918677645,0.012530796079558315,0.15433575542216263,0.18600000000000005,0.08900000000000008,0.44799999999999995,0.32957764118794897
50,joint_data,1.8756546173989592,0.10809297588847945,0.3378371969041979,0.02032897484675113,0.008468554486646518,0.05282293556942963,0.21125000000000005,0.09725000000000006,0.097,0.23472915391616855
50,fixed_beta_origin_data_T,0.6784187562948244,0.24463776692968756,0.5340991623629348,0.030424719770554404,0.018214453213441617,0.23841679367546248,0.24575000000000002,0.052000000000000005,0.48250000000000004,0.32963665687913746
50,joint_origin_data,0.5049574383251808,0.16973531738938516,0.36297807611155103,0.018907980283862265,0.022715173990691784,0.010597711084458157,0.346,0.06675,0.12375000000000003,0.23892195367821845
50,joint_ams_mean_gp_fluct,2.9341873196715134,0.3333443685119773,0.5286721423990454,0.08232846239783644,0.03966137557934435,0.3790244281698593,0.5317500000000001,0.027000000000000024,0.5275,0.19807486536852026
50,joint_ams_mean_gp_fluct_sampling_T,2.0571315463855724,0.1032449914778091,0.3808442324841991,0.18887992673715195,0.05416907230422985,0.4976737523926484,0.7155,0.29925,0.5237499999999999,0.1998071694642891
100,dec001_deposition,4.035798028639772,0.4419437305365925,0.6116744730610448,0.08788134698508825,0.051529567790862485,0.6347668877961556,0.5547500000000001,0.03500000000000003,0.911,0.3096643144653626
100,dec001_sampling,2.9570960743168526,0.0357800996802727,0.43468755829020755,0.19451340003066514,0.06989577455239071,0.7864442414679996,0.7705000000000001,0.29675,0.911,0.3097176338749449
100,fixed_beta_data_T,3.8432660348886523,0.45438615362566664,0.6106223837046763,0.07070693530005433,0.044583496052926996,0.3116823704374355,0.47075,0.09175,0.911,0.30833242763211954
100,fixed_beta_matched_mean,2.6250818598346326,0.15485740627322797,0.4165776332872935,0.025161643283613366,0.014819648901098548,0.19831403650146492,0.14675000000000005,0.08975,0.361,0.30714777212057853
100,joint_data,2.3040979098323784,0.1259281277962847,0.38213872687371386,0.01851098766965555,0.009375136557778552,0.03912833494918838,0.18025000000000002,0.08199999999999996,0.11599999999999999,0.23235471835226273
100,fixed_beta_origin_data_T,0.6649981699512632,0.30122018144096935,0.6025669088049314,0.03631039053807066,0.017609061406216098,0.19431404569575395,0.18374999999999997,0.05600000000000001,0.4332500000000001,0.30673531953230027
100,joint_origin_data,0.4880308478417521,0.22454591544465025,0.4205274608762774,0.022687975539849452,0.023950671329674544,0.003428385966900115,0.29925,0.06075,0.17774999999999996,0.22920002196759404
100,joint_ams_mean_gp_fluct,3.504756116195602,0.4130934565133085,0.587482999166614,0.08559822007763729,0.04907256762837764,0.44773204315141296,0.496,0.037250000000000005,0.5585,0.17763350603555106
100,joint_ams_mean_gp_fluct_sampling_T,2.6099348891492746,0.04794517185480106,0.41113598192073086,0.19420418835696715,0.06733833713117854,0.5548698195703052,0.706,0.298,0.50925,0.22350797507770537
