energy_gev,observable,parameter,raw,partial_phase,ci_low,ci_high,partial_phase_leakage,partial_phase_other_parameter,stratum_low,stratum_mid,stratum_high
10,width_mm,ln_t,-0.2742014982014982,-0.27735630495827956,-0.3385856326850919,-0.22054373896913634,-0.18970881023643485,-0.2541699397190799,-0.3405923418548771,-0.29958318465641176,-0.18051851118255624
10,width_mm,ln_alpha,-0.12171321771321772,-0.126207550295598,-0.1943687119781635,-0.06532141743443748,-0.11587493070739996,0.05281840366781092,-0.118930488095772,-0.13324019496012862,-0.11701212339339073
10,n_hit_cells,ln_t,-0.5617310212004746,-0.5630014209068607,-0.6072527314887756,-0.5163322902307332,-0.3900114761501804,-0.5060635852836983,-0.5875244923516543,-0.6020237317061974,-0.4908029396623687
10,n_hit_cells,ln_alpha,-0.2910923069075631,-0.2934311524364614,-0.3633671060472016,-0.23952054853374383,-0.29885300433826173,0.06824236409893829,-0.25449372310281015,-0.34291607538465113,-0.2789049076908333
10,core_fraction,ln_t,0.3778879738879739,0.40043318827149915,0.34757750792062814,0.45432947388653694,0.23007141241990656,0.39941033569363743,0.3592281409177738,0.4250128853332086,0.40568560337976733
10,core_fraction,ln_alpha,0.12334741534741538,0.14044303168998198,0.08425624207253662,0.19842382756693902,0.12655144524788992,-0.13700038917165275,0.042603168784540985,0.14916926160703667,0.19436447798231693
10,containment_fraction,ln_t,0.40428677628677623,0.409450306930216,0.349377326977329,0.4545178449601485,0.262773935957278,0.39624406459250694,0.4172459379515148,0.4138840521496896,0.39612892005420386
10,containment_fraction,ln_alpha,0.1562194322194322,0.16128185882890783,0.09849216860702063,0.21774940590070732,0.14915506144030746,-0.11645189483026203,0.11591470266890513,0.14492896330426092,0.21112997884827364
20,width_mm,ln_t,-0.36594888594888597,-0.3652988909567617,-0.4238568708496487,-0.30810453268497756,-0.17479280466239622,-0.37125377372095414,-0.33173022239467664,-0.436670455897063,-0.3251847253455976
20,width_mm,ln_alpha,-0.10662107862107864,-0.10465268883041258,-0.16486203255662438,-0.0433500025502949,-0.08805353410761596,0.1263260062002542,-0.13892631539265982,-0.03431918319011603,-0.1346504248461528
20,n_hit_cells,ln_t,-0.611629474031417,-0.6111113539445538,-0.6456114048023822,-0.5664851664443054,-0.3680188100990552,-0.5718768595151483,-0.6506652908737343,-0.6647589028600344,-0.5055276987949087
20,n_hit_cells,ln_alpha,-0.27748558021694336,-0.2775313388440683,-0.32848166031778653,-0.21645726580899438,-0.2904179443095993,0.09300579475602697,-0.32198837217323534,-0.2701766230294766,-0.23787201023183896
20,core_fraction,ln_t,0.4996546276546277,0.5276560733925264,0.4760345215339894,0.5789373757549161,0.2642026335515989,0.5412657519205246,0.4659378735202991,0.5568569796258998,0.5290957415544064
20,core_fraction,ln_alpha,0.14635073035073037,0.14819943747723968,0.07717174850729501,0.20081313358126907,0.1345188793122197,-0.2041596839710259,0.16679893225596998,0.09715606234616407,0.16998371147982375
20,containment_fraction,ln_t,0.4936039456039457,0.4975228470030327,0.44649230026358994,0.546070682845149,0.2752919441171204,0.5045199068971997,0.4318136764569201,0.5356857109616652,0.5271662403309557
20,containment_fraction,ln_alpha,0.14983229383229385,0.1484249359107028,0.08954596567277885,0.21344296309314886,0.13415982374733904,-0.17647227310436242,0.16045245880755588,0.08944988564063668,0.18531150687733047
50,width_mm,ln_t,-0.5642430242430243,-0.5702522440904465,-0.6157571220253324,-0.5222520330949418,-0.24998041152285044,-0.5547215067477538,-0.6148679521452048,-0.5693646897023278,-0.5208598535079901
50,width_mm,ln_alpha,-0.2020972900972901,-0.20990193478260924,-0.2732826104587603,-0.13376495313283013,-0.15303729138824518,0.13895467272334036,-0.209532091791669,-0.2082913300718654,-0.20529509758216527
50,n_hit_cells,ln_t,-0.6418113989359086,-0.6426872266475245,-0.6759763462706657,-0.6009755429222888,-0.31704988710016974,-0.6012024585536128,-0.6761759823756397,-0.6553700771572533,-0.598634452481559
50,n_hit_cells,ln_alpha,-0.2910107208721947,-0.29414682061829,-0.3496440091967013,-0.24151716634862141,-0.2565140634869938,0.07882385936724025,-0.28376386330794734,-0.338998903653337,-0.25931794633393573
50,core_fraction,ln_t,0.6619981579981581,0.7236965817136168,0.6871427471238966,0.7603757715045513,0.3286863498220099,0.7306371204948496,0.7778009594617344,0.663631707604004,0.6732595317634195
50,core_fraction,ln_alpha,0.1982083862083862,0.23088836623653475,0.16575958551941247,0.2959477523485544,0.1764517505110881,-0.2708753775895142,0.2567138598088746,0.2120948594507501,0.171490339208634
50,containment_fraction,ln_t,0.6915685995685996,0.7035237466599167,0.6659433659742332,0.7309877446846338,0.33079513520634585,0.7030014132169682,0.7414773188887611,0.6817410441247106,0.678625161939131
50,containment_fraction,ln_alpha,0.2281761121761122,0.2372589971249346,0.17500385586803882,0.29483607197969713,0.18446167960279225,-0.23434818256567702,0.2636170186491231,0.23053632234066546,0.19912108014708788
100,width_mm,ln_t,-0.6965818925818926,-0.7059249137988881,-0.7441500292708174,-0.6690225693048577,-0.4107794650663494,-0.6673499343130481,-0.7278032667975675,-0.7149130589358568,-0.6807169847477292
100,width_mm,ln_alpha,-0.3147789147789148,-0.31746426460686605,-0.38229766010752675,-0.24755538960232795,-0.3160584266865893,0.07635727890753077,-0.330235328756359,-0.36083872632462205,-0.2625894640730641
100,n_hit_cells,ln_t,-0.6806776151515976,-0.6804923705844939,-0.7218498913190583,-0.643940213589922,-0.2804214735939954,-0.6697715019498699,-0.7060311161731792,-0.6935976691785252,-0.637961373938823
100,n_hit_cells,ln_alpha,-0.23866330298640084,-0.2389468491679937,-0.2993148901700224,-0.1806250266609301,-0.21733184614487072,0.1779726178078839,-0.2261072375494165,-0.3122524391557468,-0.17485174027157357
100,core_fraction,ln_t,0.7770892530892531,0.8446461415105531,0.8213766032163896,0.864415619881413,0.5580155506615602,0.8288980421300988,0.8596171382406143,0.8683772149611555,0.811318548864353
100,core_fraction,ln_alpha,0.3236176196176196,0.34546174797719736,0.28482793400690937,0.39589209484866805,0.406294727803729,-0.19583883284524678,0.347655064342172,0.4154003942619483,0.2596328923435903
100,containment_fraction,ln_t,0.8292488892488893,0.8404520824165667,0.8160107972155659,0.8586663814294482,0.5795140204004363,0.8171245641765549,0.8429568736184422,0.8407073836696519,0.8464833946467694
100,containment_fraction,ln_alpha,0.3637556317556318,0.3666844011252434,0.3072945891984222,0.4129469434098524,0.4254761938572203,-0.14311202896282377,0.35801272739444595,0.3996201670251162,0.3367246950230238
