energy_gev,profile,layer,mean_residual_mev,pull,relative_residual
10,gamma_only,0,-9.202491014100753,-9.157943653663866,-0.24666048502966947
10,gamma_only,1,-22.825009209002946,-12.029622068561713,-0.1702509242270926
10,gamma_only,2,-20.48209376064259,-9.049928779872321,-0.06459590600855009
10,gamma_only,3,-12.04609198468749,-4.9164454413961005,-0.022247966845875936
10,gamma_only,4,3.2914855931273843,1.1991985097516422,0.004333256722346454
10,gamma_only,5,2.8324634027677202,0.9855239416368846,0.0031145601537473882
10,gamma_only,6,-3.755617448425585,-1.4067855415899615,-0.003828032974691747
10,gamma_only,7,-19.104658956546707,-6.701954955929873,-0.01965747605169693
10,gamma_only,8,-26.622369838938894,-9.719367049852655,-0.02920526424562935
10,gamma_only,9,-28.54063094162178,-10.679434446884589,-0.034940273509295475
10,gamma_only,10,-28.284561677107884,-10.649847499620778,-0.04022169813756224
10,gamma_only,11,-23.746847797992068,-10.047932558373668,-0.04036191021343893
10,gamma_only,12,-15.426441414347698,-7.26111483794989,-0.03195962147375278
10,gamma_only,13,-8.446216044941439,-4.399188756825807,-0.021789660158505482
10,gamma_only,14,0.932394735616414,0.5314142965940295,0.0030090224278433676
10,gamma_only,15,9.469541767184065,5.808713772737167,0.03839447683831888
10,gamma_only,16,11.562543137174611,7.9385372258173446,0.06044731614548857
10,gamma_only,17,8.647963911338714,6.542087585502925,0.06030208539147946
10,gamma_plus_tail,0,2.4798553395019107,3.1261858311247237,0.06646921142413409
10,gamma_plus_tail,1,4.146874823284119,2.6365958832015233,0.030931390425889042
10,gamma_plus_tail,2,14.54459273030621,7.795304582546545,0.04587036637557238
10,gamma_plus_tail,3,17.178037092653184,8.412377792800187,0.031726173119081505
10,gamma_plus_tail,4,18.490665558448207,7.560857724407163,0.024343050748606078
10,gamma_plus_tail,5,6.589421143314777,2.4733414735529355,0.007245688861919532
10,gamma_plus_tail,6,-1.8145528193427973,-0.7137417156374588,-0.0018495408869921104
10,gamma_plus_tail,7,-9.509974720570591,-3.532410612837976,-0.009785157680493378
10,gamma_plus_tail,8,-4.807844467619422,-1.9376669834398543,-0.005274300108450012
10,gamma_plus_tail,9,4.476226876039495,1.945936726955003,0.005479927604207058
10,gamma_plus_tail,10,11.09271320205488,4.803674565072921,0.01577425052694761
10,gamma_plus_tail,11,15.745859883836344,7.286134683296571,0.0267628355675287
10,gamma_plus_tail,12,18.588724397349008,9.175304985069758,0.038511058996836545
10,gamma_plus_tail,13,16.343313346776153,8.70850760640905,0.04216269650164846
10,gamma_plus_tail,14,14.853611298244745,8.561498426000105,0.047935544703969137
10,gamma_plus_tail,15,12.612928066798737,8.162452271833232,0.051139409533233496
10,gamma_plus_tail,16,5.162193515953513,3.9269363981925793,0.0269872068593452
10,gamma_plus_tail,17,-5.455975909284067,-5.006166298488268,-0.03804441467940548
20,gamma_only,0,-7.344842862265619,-6.159614107199063,-0.17220737324092356
20,gamma_only,1,-28.62805572813762,-11.007879753710448,-0.17449679505678778
20,gamma_only,2,-33.20012594020632,-9.323175702479169,-0.07774160000700782
20,gamma_only,3,-31.244437967609983,-8.01147584767326,-0.03950506738048705
20,gamma_only,4,-11.422186241353499,-3.001109195745606,-0.00954348782657435
20,gamma_only,5,-3.9580092566028853,-0.9760746534908741,-0.002570377630052976
20,gamma_only,6,5.996680115666975,1.42508099406319,0.0033659388800554003
20,gamma_only,7,-14.686405630715308,-3.7607614696511438,-0.007865380501720708
20,gamma_only,8,-35.381318879094415,-8.693908704316964,-0.019296272123413758
20,gamma_only,9,-49.67708455769371,-11.950440828479605,-0.029033419500452077
20,gamma_only,10,-50.82992826251017,-12.108120273589174,-0.03306112850206905
20,gamma_only,11,-52.9683811252786,-13.434770347811442,-0.03985451314733809
20,gamma_only,12,-36.56115832173158,-9.70951288766715,-0.03234806518721527
20,gamma_only,13,-19.38656682391581,-5.7613938928915305,-0.020600438441656203
20,gamma_only,14,-4.996183248644049,-1.6830432062113914,-0.006497554799878653
20,gamma_only,15,2.118689844073797,0.7820964325970742,0.0034470017452104267
20,gamma_only,16,9.705028013901815,3.947019666454372,0.0199187616588045
20,gamma_only,17,1.7578004997887138,0.7163359956650832,0.0047591877240167006
20,gamma_plus_tail,0,3.419706131291857,4.127385942791206,0.08017851724931206
20,gamma_plus_tail,1,3.8337826564203508,1.889118788662462,0.02336808314342235
20,gamma_plus_tail,2,19.355191561970233,7.030426302021817,0.04532222447528314
20,gamma_plus_tail,3,23.874190096507732,7.767999977192147,0.030186220324872687
20,gamma_plus_tail,4,27.98222390073004,8.649115284300388,0.023379763515872263
20,gamma_plus_tail,5,14.38535356189244,3.9548436049761673,0.009342017311911765
20,gamma_plus_tail,6,12.08579945897391,3.0572783563642543,0.006783763934519664
20,gamma_plus_tail,7,-5.8796918883618545,-1.5762160025945573,-0.0031488994038219517
20,gamma_plus_tail,8,-11.745592338056051,-3.0885961187020543,-0.0064058139488895665
20,gamma_plus_tail,9,-6.860834556959426,-1.8978557051752047,-0.004009766063949736
20,gamma_plus_tail,10,7.733413651012338,2.285026636245232,0.005030016590921454
20,gamma_plus_tail,11,13.108017894393475,3.885840450539012,0.00986274566844053
20,gamma_plus_tail,12,27.598626655998373,8.516792020390419,0.024418323027123608
20,gamma_plus_tail,13,34.89105159255312,11.120586872468106,0.03707572191742294
20,gamma_plus_tail,14,34.16737435254488,11.915413981909998,0.04443479675888197
20,gamma_plus_tail,15,23.825574066160442,9.089971859193312,0.0387630098933135
20,gamma_plus_tail,16,14.03268576544363,6.3074122557827295,0.028800918739686866
20,gamma_plus_tail,17,-9.495395645568728,-4.650139852217596,-0.025708475106534685
50,gamma_only,0,4.691123258370035,3.751108521051767,0.0805281606543016
50,gamma_only,1,-31.628428606162657,-8.632482726121031,-0.1452391048424861
50,gamma_only,2,-70.68586254092118,-12.23961113618695,-0.1151285261023315
50,gamma_only,3,-79.34349465703758,-12.153192365909433,-0.06165283712382843
50,gamma_only,4,-39.7666529749484,-5.91932498922344,-0.018383246616874804
50,gamma_only,5,-24.386040708931557,-3.5415350980691276,-0.008060912781338452
50,gamma_only,6,-5.944738967621669,-0.8166047543163835,-0.0015812949945585334
50,gamma_only,7,-16.27055385878189,-2.3934745623352964,-0.0038394652720626175
50,gamma_only,8,-30.900838884642354,-5.002976515379862,-0.006949325812430216
50,gamma_only,9,-66.21859034838977,-9.818651336688333,-0.015109059316986497
50,gamma_only,10,-84.65789459592787,-12.28255882457168,-0.02049699705885623
50,gamma_only,11,-100.35588586033565,-13.987297999282331,-0.026856797937224567
50,gamma_only,12,-87.29390839747083,-12.498789742934761,-0.026534298768440455
50,gamma_only,13,-70.26456377160243,-10.985140591470573,-0.024936570478563853
50,gamma_only,14,-47.68064307831529,-8.261926599955725,-0.020189005797211657
50,gamma_only,15,-23.926112431462172,-4.6780193869917115,-0.012309137268206155
50,gamma_only,16,-14.125103059688671,-2.994356486286082,-0.009034531358503116
50,gamma_only,17,-52.226557824298126,-11.285510023826541,-0.043795513550386876
50,gamma_plus_tail,0,5.636558270074556,6.067780356915691,0.09675756634619043
50,gamma_plus_tail,1,-9.366184514424992,-3.2829983234125257,-0.043009922231785756
50,gamma_plus_tail,2,-10.917840019846599,-2.381428644627578,-0.01778226627677235
50,gamma_plus_tail,3,10.356184166074172,2.042725640804947,0.00804713906760985
50,gamma_plus_tail,4,52.812193705889726,10.218805635505554,0.024413912377416847
50,gamma_plus_tail,5,45.46190740551996,8.003010831137805,0.015027633015266877
50,gamma_plus_tail,6,33.14140229176378,5.042995960896884,0.008815581952723342
50,gamma_plus_tail,7,2.9855427830651293,0.474831943776119,0.0007045173712785887
50,gamma_plus_tail,8,-11.000953541916592,-1.8776609933381054,-0.0024740173137559004
50,gamma_plus_tail,9,-27.134448184227164,-4.324113156251349,-0.006191252108995613
50,gamma_plus_tail,10,-17.143051216001165,-2.8559111631854877,-0.004150600154082953
50,gamma_plus_tail,11,-6.028243716320679,-1.058890843406795,-0.0016132518986567642
50,gamma_plus_tail,12,24.08158573279456,4.381080947002604,0.007319960835552389
50,gamma_plus_tail,13,44.65224190803822,8.57378701346409,0.01584687526112118
50,gamma_plus_tail,14,57.50029663929819,11.573092314670381,0.024346857492786977
50,gamma_plus_tail,15,61.00718420903773,12.640174206499642,0.031386035108165365
50,gamma_plus_tail,16,43.88894431495898,9.627344818689428,0.02807172747905122
50,gamma_plus_tail,17,-23.919931831774555,-5.8028455181135135,-0.02005848637750791
100,gamma_only,0,19.52600183535745,13.194510674181316,0.2607736079925275
100,gamma_only,1,-23.72250180288025,-5.0133404189349395,-0.08887392757129865
100,gamma_only,2,-84.67799633746705,-9.9475393000964,-0.10645220340108057
100,gamma_only,3,-132.74441893261385,-12.010478375456785,-0.07483132979501066
100,gamma_only,4,-109.53830510674385,-10.067416874965135,-0.03433995539400027
100,gamma_only,5,-100.5218819034883,-9.62754962539739,-0.021118836659890654
100,gamma_only,6,-45.85509632042309,-4.27929254667515,-0.007280451793859939
100,gamma_only,7,-49.46260792199242,-4.805830439001394,-0.006605479315820617
100,gamma_only,8,-28.02711021487815,-2.909214416189045,-0.0033853787683424353
100,gamma_only,9,-75.02688782085943,-7.881575565605276,-0.008790249495553905
100,gamma_only,10,-95.85065697609026,-9.438448469668295,-0.011429214218303764
100,gamma_only,11,-148.70059604855004,-13.326012707026356,-0.018923006256243827
100,gamma_only,12,-170.13485386575204,-15.054100247880156,-0.02389894709670901
100,gamma_only,13,-167.72451674723442,-15.58903557373128,-0.026770709834972567
100,gamma_only,14,-135.04722211952992,-13.579188178103175,-0.02504234268806358
100,gamma_only,15,-119.00644641319477,-13.464895173335988,-0.026313879011878538
100,gamma_only,16,-63.91339068017897,-7.372931377473709,-0.01701532864374735
100,gamma_only,17,-155.74457085669965,-18.386394226378826,-0.05308134197632884
100,gamma_plus_tail,0,-0.9884096657615736,-0.7725522544251952,-0.01320040615015209
100,gamma_plus_tail,1,-37.04291767712324,-10.480318692098946,-0.13877750373978343
100,gamma_plus_tail,2,-46.723981130640325,-7.532969798884277,-0.05873864472660425
100,gamma_plus_tail,3,-22.393586259880173,-2.8521314693000592,-0.012623821416980116
100,gamma_plus_tail,4,49.655153757620894,6.2874041635848466,0.015566753232645574
100,gamma_plus_tail,5,58.30268723192247,7.360194147537798,0.012248924365202671
100,gamma_plus_tail,6,72.14526097567321,7.974529238672128,0.011454563109376698
100,gamma_plus_tail,7,17.460919036949022,1.9131289905575461,0.0023318167880610947
100,gamma_plus_tail,8,7.137382272755025,0.8087872469540526,0.0008621203621235895
100,gamma_plus_tail,9,-37.869107589507806,-4.359625549643237,-0.004436794775235221
100,gamma_plus_tail,10,-25.890707615906816,-2.9197746053983327,-0.00308720308176377
100,gamma_plus_tail,11,-29.38509703633975,-3.3338550412089765,-0.00373942263740113
100,gamma_plus_tail,12,-2.1907004982067866,-0.2718686372365027,-0.0003077290403569521
100,gamma_plus_tail,13,34.133613525309684,4.476895599430143,0.005448106699167024
100,gamma_plus_tail,14,78.26926625186292,10.323895293568295,0.014513780858725171
100,gamma_plus_tail,15,81.9420111933189,11.303410764770204,0.018118448483408506
100,gamma_plus_tail,16,104.33287790126657,13.626350575943052,0.027775997908190502
100,gamma_plus_tail,17,-34.253113197328595,-4.70565459360183,-0.011674251021271353
