family,free,chi2,dof,chi2_per_dof,aic_scaled,rms_layers_0_3_10,rms_layers_0_3_20,rms_layers_0_3_50,rms_layers_0_3_100,rms_layers_4_17_mean,improvement_loeo,improvement_split_half,improvement_left_out_100
primary,z0+beta,2494.1516575169467,70,35.63073796452781,74.0,0.10966193426055813,0.11390228901930519,0.14878824869918858,0.2205513351915814,0.027495695453409352,0.0,0.0,0.0
beta_energy_slope,z0+beta+beta_slope,2247.4044222259213,69,32.57107858298436,69.07487721593994,0.06553219581955114,0.09253323060010493,0.14957522722998523,0.21888394212009318,0.027142345104641044,0.14724794631240734,0.0961640667061614,0.14164338653944664
origin_energy_slope,z0+beta+z0_slope,2072.8011830558894,69,30.040596855882455,64.17452293913944,0.04419719250192241,0.08435186796539404,0.14718095255143182,0.20808159833019146,0.027536238143201178,0.25233795708802975,0.1578262993459526,0.25605817270584275
beta_and_origin_energy_slopes,z0+beta+beta_slope+z0_slope,2067.977406599491,68,30.411432449992517,66.03914049319626,0.045771296286115246,0.0848845277276979,0.14665959260324476,0.20551643287923066,0.027888086449325184,0.22349836015363844,0.14755384254933657,0.2569141726927465
depth_law_slope_and_offset,z0+beta+depth_slope+delta,2410.8689019443163,68,35.45395444035759,75.66261491256391,0.11889983551469505,0.11194283633142894,0.13340031489028406,0.2067737250548765,0.02811540305566397,-0.10853796839012464,-0.0005075203886857338,-0.012591745310733371
tail_literature_rate,z0+beta+tail_w+tail_alpha,1112.8107093572783,68,16.36486337290115,39.23176147699038,0.059565150614400805,0.03687551803160111,0.05440787720171328,0.09276409796843167,0.02776558855364432,0.26896746166596874,0.5243562545638387,0.2726971429167342
tail_literature_rate_energy_weight,z0+beta+tail_w+tail_w_slope+tail_alpha,655.0107631095358,67,9.776280046410982,28.38330611511981,0.05540372692394675,0.02980275349756741,0.05313611118248183,0.07934267732900921,0.02007424369627776,0.5927751890081481,0.6939537110364797,0.6180912177722385
tail_free_rate,z0+beta+tail_w+tail_alpha+tail_kappa,547.7573887382669,67,8.175483414003983,25.373169909744412,0.03268767042755562,0.027106419770938903,0.05555563495880758,0.07697744744928262,0.019818816042583533,0.72822431698837,0.7552835423327218,0.7297320521240425
ams_beta_fixed_with_tail,z0+tail_w+tail_alpha,1215.8895041092853,69,17.6215870160766,40.124735370897014,0.03906320661054354,0.033863693649380015,0.0827914380911926,0.12874695133045685,0.02756202618033956,0.29604454295736693,0.4849912914090858,0.2825786191346463
ams_beta_fixed_gamma_only,z0,4621.3418940839965,71,65.08932245188727,131.70098735212204,0.17507555922231618,0.15487857668103908,0.11308455142493891,0.17410998069639175,0.048036738775846854,-0.816123946997801,-0.8317967450905075,-0.45619224489697974
