quantity,value
100.n_events,4000
100.n_interacting,1894
100.p_no_inelastic.estimate,0.5265
100.p_no_inelastic.low,0.5110088804645482
100.p_no_inelastic.high,0.5419402690410976
100.effective_interaction_length_mm.estimate,260.2992102166815
100.effective_interaction_length_mm.standard_error,5.981124782505446
100.effective_depth_lambda,0.6396485024345637
100.p_no_inelastic_from_fit,0.527477798623821
100.reference_exp_minus_0p6,0.5488116360940265
100.reference_geant4_composite,0.5389077531279979
100.depth_ks_vs_exponential.statistic,0.023399010604344184
100.depth_ks_vs_exponential.p_value,0.24700765504475974
100.interaction_in_fibre_fraction,0.0966209081309398
100.fibre_volume_fraction,0.3141461622865169
100.fibre_mass_fraction,0.04896984294466294
100.mean_primary_elastic_scatters,0.28775
100.first_interaction_multiplicity_median,61.0
100.leading_fraction_quantiles,"[0.1482827443830127, 0.29233429708247016, 0.7330599724785014]"
100.quasi_elastic_like_fraction,0.07074973600844774
10.n_events,4000
10.n_interacting,1880
10.p_no_inelastic.estimate,0.53
10.p_no_inelastic.low,0.5145116516381216
10.p_no_inelastic.high,0.5454307817644963
10.effective_interaction_length_mm.estimate,261.8412451296403
10.effective_interaction_length_mm.standard_error,6.038918004530863
10.effective_depth_lambda,0.6358814858123828
10.p_no_inelastic_from_fit,0.5294685635271617
10.reference_exp_minus_0p6,0.5488116360940265
10.reference_geant4_composite,0.5389077531279979
10.depth_ks_vs_exponential.statistic,0.012773689401185284
10.depth_ks_vs_exponential.p_value,0.9149425079787957
10.interaction_in_fibre_fraction,0.09787234042553192
10.fibre_volume_fraction,0.3141461622865169
10.fibre_mass_fraction,0.04896984294466294
10.mean_primary_elastic_scatters,0.302
10.first_interaction_multiplicity_median,50.0
10.leading_fraction_quantiles,"[0.12021501615500611, 0.27808720609180904, 0.8963193382836728]"
10.quasi_elastic_like_fraction,0.09946808510638298
20.n_events,4000
20.n_interacting,1953
20.p_no_inelastic.estimate,0.51175
20.p_no_inelastic.low,0.49625555870084714
20.p_no_inelastic.high,0.5272218943818449
20.effective_interaction_length_mm.estimate,248.76160512008408
20.effective_interaction_length_mm.standard_error,5.629012703425028
20.effective_depth_lambda,0.6693155075905941
20.p_no_inelastic_from_fit,0.512058958326595
20.reference_exp_minus_0p6,0.5488116360940265
20.reference_geant4_composite,0.5389077531279979
20.depth_ks_vs_exponential.statistic,0.015081012362976876
20.depth_ks_vs_exponential.p_value,0.7601008795962586
20.interaction_in_fibre_fraction,0.1080389144905274
20.fibre_volume_fraction,0.3141461622865169
20.fibre_mass_fraction,0.04896984294466294
20.mean_primary_elastic_scatters,0.3005
20.first_interaction_multiplicity_median,54.0
20.leading_fraction_quantiles,"[0.12814323620349688, 0.2760087220604924, 0.8335644508665918]"
20.quasi_elastic_like_fraction,0.09165386584741424
50.n_events,4000
50.n_interacting,1934
50.p_no_inelastic.estimate,0.5165
50.p_no_inelastic.low,0.5010051555025283
50.p_no_inelastic.high,0.5319631828689115
50.effective_interaction_length_mm.estimate,251.3022375211988
50.effective_interaction_length_mm.standard_error,5.714366887603843
50.effective_depth_lambda,0.6625488162872197
50.p_no_inelastic_from_fit,0.5155356528199856
50.reference_exp_minus_0p6,0.5488116360940265
50.reference_geant4_composite,0.5389077531279979
50.depth_ks_vs_exponential.statistic,0.016221193447759963
50.depth_ks_vs_exponential.p_value,0.6825918062526376
50.interaction_in_fibre_fraction,0.11168562564632885
50.fibre_volume_fraction,0.3141461622865169
50.fibre_mass_fraction,0.04896984294466294
50.mean_primary_elastic_scatters,0.266
50.first_interaction_multiplicity_median,59.0
50.leading_fraction_quantiles,"[0.15092497008664973, 0.29421356994185477, 0.719809550040396]"
50.quasi_elastic_like_fraction,0.07290589451913133
